Threat Actor Official Name,Confidence,Type,Country,Mandiant/FireEye,Proofpoint,Kaspersky,CrowdStrike,Microsoft,MITRE,IBM,RiskIQ,Secureworks,SCWX CTU,Group-IB,PWC,Thales,Dragos,Symantec,Tencent,Qihoo 360,Trend Micro,Checkpoint,McAfee/Trellix,SkyEye Labs,Fox-IT,ClearSky,QuoINT,Area 1,Cyberkov Security,Morphisec,Sophos,ESRC,AhnLab,AdvIntel,tr1adx,Europol,LAB52,PhishLabs,ThreatRecon,BitDefender,ESET,ThreatConnect,Intezer,Forcepoint,GovCERT.ch,Kudeslski,Yoroi,Thalos,CERT Polska,Cylance,FSI,CSEC,AlienVault,Palo Alto,iSight,Epic Turla,Anomali,Zscaler,ASERT,BAE Systems,Avast,RSA,US Gov,NCC Group,PTSecurity,Contextis,Blackberry,Bellingcat,DarkMatter,Cymmetria,NVISO,CyberX,GRIFSEC,F-secure,iDefense,Recorded Future,Blueliv,Lookout,UCAM,Information Warfare Monitor,Citizen Lab,NortonLifeLock,Reuters,Volexity,Lastline,Resecurity,SystemTek,CrySys,CyCraft,NSA,Sentinel one,Sygnia,Malwarebytes,Red Canary,JPCERT,Talos,CERT-UA,SWIFT,Cyber Struggle,NTT Security,Google TAG,NSFOCUS Fuying Lab
FIN1,High,Organized Crime,Russia,FIN1,,,,,,,,,,,,,,,,,,,,,,,,,,,,,,,,,,,,,,,,,,,,,,,,,,,,,,,,,,,,,,,,,,,,,,,,,,,,,,,,,,,,,,,,,,,,,,,,,,
FIN4,High,Organized Crime,Romania,FIN4,,,Wolf Spider,,G0085,,,,,,,,,,,,,,,,,,,,,,,,,,,,,,,,,,,,,,,,,,,,,,,,,,,,,,,,,,,,,,,,,,,,,,,,,,,,,,,,,,,,,,,,,,,,,
FIN5,High,Organized Crime,Unknown,FIN5,,,,,G0053,,,,,,,,,,,,,,,,,,,,,,,,,,,,,,,,,,,,,,,,,,,,,,,,,,,,,,,,,,,,,,,,,,,,,,,,,,,,,,,,,,,,,,,,,,,,,
FIN6,High,Organized Crime,Unknown,FIN6,,,Skeleton Spider,,G0037,ITG08,Magecart Group 6,Gold Franklin,,,White Giant,ATK88,,,,APT-C-01,,,,,,,,,,,,,,,,,,,,,,,,,,,,,,,,,,,,,,,,,,,,,,,,,,,,,,,,TAG-CR2,,,,,,,,,,,,,,,,,,,,,,,,,,
FIN7,High,Organized Crime,Russia,FIN7,,Carbanak,Carbon Spider,Elbrus,G0046,ITG14,Magecart Group 7,Gold Niagara,,Anunak,,ATK32,,Calcium,,APT-C-11,,,,,Navigator,,,,,,,,,,TelePort Crew,,,,,,,,,,,,,,,,,,,,,,,,,,,,,,,,,,,,,,,,,TAG-CR1,,,,,,,,,,,,,,,,,,,,,,,,,,
FIN8,High,Organized Crime,Unknown,FIN8,,,,,G0061,,,,,,,ATK113,,,,,,,,,,,,,,,,,,,,,,,,,,,,,,,,,,,,,,,,,,,,,,,,,,,,,,,,,,,,,,,,,,,,,,,,,,,,,,,,,,,,,,
FIN10,High,Organized Crime,Unknown,FIN10,,,,,G0051,,,,,,,,,,,,,,,,,,,,,,,,,,,,,,,,,,,,,,,,,,,,,,,,,,,,,,,,,,,,,,,,,,,,,,,,,,,,,,,,,,,,,,,,,,,,,
FIN11,High,Organized Crime,Unknown,UNC902/FIN11/Temp.Warlock,,,Graceful Spider,,,,,Gold Evergreen,,,,,,,,,,,,,,,,,,,,,,,,,,,,,,,,,,,,,,,,,,,,,,,,,,,,,,,,,,,,,,,,,,,,,,,,,,,,,,,,,,,,,,,,,,
FIN12,High,Organized Crime,Russia,FIN12,,,Wizard Spider,,,,,,,,,,,,,,,,,,,,,,,,,,,,,,,,,,,,,,,,,,,,,,,,,,,,,,,,,,,,,,,,,,,,,,,,,,,,,,,,,,,,,,,,,,,,,,,
FIN13,High,Organized Crime,Russia,FIN13,,,Elephant Beetle,,,,,,TG2003,,,,,,,,,,,,,,,,,,,,,,,,,,,,,,,,,,,,,,,,,,,,,,,,,,,,,,,,,,,,,,,,,,,,,,,,,,,,,,,,,,,,,,,,,
Mabna Institute,High,APT,Iran,,TA407,,,,,ITG22,,Cobalt Dickens,,,Yellow Nabu,,,,,,,,,,,,,,,,,,,,,,,SilentLibrarian,,,,,,,,,,,,,,,,,,,,,,,,,,,,,,,,,,,,,,,,,,,,,,,,,,,,,,,Silent Librarian,,,,,,,,,
LookBack,High,APT,Unknown,,TA410,,,,,,,,,,,,Talonite,,,,,,,,,,,,,,,,,,,,,,,,,,,,,,,,,,,,,,,,,,,,,,,,,,,,,,,,,,,,,,,,,,,,,,,,,,,,,,,,,,,,,
TA413,High,APT,China,,TA413,,,,,,,,,,,,,,,,,,,,,,,,,,,,,,,,,,,,,,,,,,,,,,,,,,,,,,,,,,,,,,,,,,,,,,,,,,,,,,,,,,,,,,,,,,,,,,,,,
TA428,High,APT,China,Temp.Hex,TA428,,Vicious Panda,,,,,Bronze Dudley,,,,,,,,,,,,,,,,,,,,,,,,,,,,,,,,,,,,,,,,,,,,,,,,,,,,,,,,,,,,,,,,,,,,,,,,,,,,,,,,,,,,,,,,,,
TA445,High,APT,Belarus,UNC1151,TA445,,,,,,,Moonscape,,,,,,,,,,,,,,,,,,,,,,,,,,,,,,,,,,,,,,,,,,,,,,,,,,,,,,,,,,,,,,,,,,,,,,,,,,,,,,,,,,,,,UAC-0051/UAC-0064,,,,Ghostwriter,
TA459,High,APT,China,,TA459,,,,G0062,,,,,,,,,,,,,,,,,,,,,,,,,,,,,,,,,,,,,,,,,,,,,,,,,,,,,,,,,,,,,,,,,,,,,,,,,,,,,,,,,,,,,,,,,,,,,
TA505,High,Organized Crime,Russia,Temp.Warlock,TA505,,Graceful Spider,DEV-0206/Chimborazo,G0092,Hive0065,,Gold Tahoe,,,White Austaras,ATK103,,,,,,,,,,,,,,,,,,,,,,,SectorJ04,,,,,,,,,,,,,,,,,,,,,,,,,,,,,,,,,,,,,,,,,,,,,,,,,,,,,,,,,,,,,,,
Indrik Spider,High,Organized Crime,Russia,UNC2165,,,Indrik Spider,DEV-0243/Dudear,G0119,ITG19,,Gold Drake,,,,,,,,,,,,,,,,,,,,,,,,,,,,,,,,,,,,,,,,,,,,,,,,,,,,,,,,,,,,,,,,,,,,,,,,,,,,,,,,,,,,,,,,,,
TA516,High,Organized Crime,Unknown,,TA516,,,,,,,,,,,,,,,,,,,,,,,,,,,,,,,,,,,,,,,,,,,,,,,,,,,,,,,,,,,,,,,,,,,,,,,,,,,,,,,,,,,,,,,,,,,,,,,,,
TA530,High,Organized Crime,China,,TA530,,,,,,,,,,,,,,,,,,,,,,,,,,,,,,,,,,,,,,,,,,,,,,,,,,,,,,,,,,,,,,,,,,,,,,,,,,,,,,,,,,,,,,,,,,,,,,,,,
TA542,High,Organized Crime,Ukraine,,TA542,,Mummy Spider,,,,,Gold Crestwood,,,White Taranis,ATK104,,Mealybug,,,,,,,,,,,,,,,,,,,,,,,,,,,,,,,,,,,,,,,,,,,,,,,,,,,,,,,,,,,,,,,,,,,,,,,,,,,,,,,,,,,,
TA544,High,Organized Crime,Unknown,,TA544,,Narwhal Spider,,,,,Gold Essex,,,,,,,,,,,,,,,,,,,,,,,,,,,,,,,,,,,,,,,,,,,,,,,,,,,,,,,,,,,,,,,,,,,,,,,,,,,,,,,,,,,,,,,,,,
TA547,High,Organized Crime,Unknown,,TA547,,Scully Spider,,,,,,,,,,,,,,,,,,,,,,,,,,,,,,,,,,,,,,,,TH-163,,,,,,,,,,,,,,,,,,,,,,,,,,,,,,,,,,,,,,,,,,,,,,,,,,,,,,,
TA551,High,Organized Crime,Unknown,,TA551,,,,G0127,Hive0106,,Gold Cabin,,,White Khione,ATK236,,,,,,,,,,,,,,,,,,,,,,,,,,,,,,,,,,,,,,Monster Libra,,,,,,,,,,,,,,,,,,,,,,,,,,,,,,,,,,,,,,,,,,,UAC-0098,,,,,
TA554,High,Organized Crime,Unknown,,TA554,,,,,,,,,,,,,,,,,,,,,,,,,,,,,,,,,,,,,,,,,,,,,,,,,,,,,,,,,,,,,,,,,,,,,,,,,,,,,,,,,,,,,,,,,,,,,,,,,
TA555,High,Organized Crime,Unknown,,TA555,,,,,,,,,,,,,,,,,,,,,,,,,,,,,,,,,,,,,,,,,,,,,,,,,,,,,,,,,,,,,,,,,,,,,,,,,,,,,,,,,,,,,,,,,,,,,,,,,
TA558,Mid,Organized Crime,Unknown,,TA558,,,,,,,,,,,,,,,,,,,,,,,,,,,,,,,,,,,,,,,,,,,Loda,,,,,,CapturaTela,,,,,,,,,,,,,,,,,,,,,,,,,,,,,,,,,,,,,,,,,,,,,,,,
TA564,Mid,Organized Crime,Unknown,,TA564,,,,,,,,,,,,,,,,,,,,,,,,,,,,,,,,,,,,,,,,,,,,,,,,,,,,,,,,,,,,,,,,,,,,,,,,,,,,,,,,,,,,,,,,,,,,,,,,,
TA569,Mid,Organized Crime,Unknown,UNC1543,TA569,,,,,,,Gold Prelude,,,,,,,,,,,,,,,,,,,,,,,,,,,,,,,,,,,,,,,,,,,,,,,,,,,,,,,,,,,,,,,,,,,,,,,,,,,,,,,,,,,,,,,,,,
TA570,Mid,Organized Crime,Unknown,,TA570,,,,,,,,,,,,,,,,,,,,,,,,,,,,,,,,,,,,,,,,,,,,,,,,,,,,,,,,,,,,,,,,,,,,,,,,,,,,,,,,,,,,,,,,,,,,,,,,,
TA571,Mid,Organized Crime,Unknown,,TA571,,,,,,,,,,,,,,,,,,,,,,,,,,,,,,,,,,,,,,,,,,,,,,,,,,,,,,,,,,,,,,,,,,,,,,,,,,,,,,,,,,,,,,,,,,,,,,,,,
TA574,Mid,Organized Crime,Unknown,,TA574,,,,,,,,,,,,,,,,,,,,,,,,,,,,,,,,,,,,,,,,,,,,,,,,,,,,,,,,,,,,,,,,,,,,,,,,,,,,,,,,,,,,,,,,,,,,,,,,,
TA575,Mid,Organized Crime,Unknown,,TA575,,,,,,,,,,,,,,,,,,,,,,,,,,,,,,,,,,,,,,,,,,,,,,,,,,,,,,,,,,,,,,,,,,,,,,,,,,,,,,,,,,,,,,,,,,,,,,,,,
TA577,High,Organized Crime,Russia,,TA577,,,,,Hive0118,,,,,,,,,,,,,,,,,,,,,,,,,,,,,,,,,,,,,,,,,,,,,,,,,,,,,,,,,,,,,,,,,,,,,,,,,,,,,,,,,,,,,,,,,,,,
TA800,Mid,Organized Crime,Unknown,,TA800,,,,,,,,,,,,,,,,,,,,,,,,,,,,,,,,,,,,,,,,,,,,,,,,,,,,,,,,,,,,,,,,,,,,,,,,,,,,,,,,,,,,,,,,,,,,,,,,,
Maze,High,Organized Crime,Unknown,,TA2101,,Twisted Spider,,,,,,,,,,,,,,,,,,,,,,,,,,,,,,,,,,,,,,,,,,,,,,,,,,,,,,,,,,,,,,,,,,,,,,,,,,,,,,,,,,,,,,,,,,,,,,,
APT1,High,APT,China,APT1,,GIF89a,Comment Panda,,G0006,,,Shanghai Group,TG-8223,,,,,Comment Crew,,,,,,,,,,,,,,,,,,,,,,,,,,,,,,Group3,,,,,,,,,,,,,,,,,,,,,,,,,,,,,,,,,,,,,,,,,,,,,,,,,,,,,,
APT2,High,APT,China,APT2,,,Putter Panda,Sulphur ,G0024,,,,TG-6952,,,,,,,,,,,,,,,,,,,,,,,,,,,,,,,,,,,Group36,,,,,,,,,,,,,,,,,,,,,,,,,,,,,,,,,,,,,,,,,,,,,,,,,,,,,,
APT3,High,APT,China,APT3,,,Gothic Panda,,G0022,,,Bronze Mayfair,TG-0110,,Red Sylvan,,,Buckeye,,,,,,,,,,,,,,,,,,,,,,,,,,,,,,Group6,,,,,,,,,,,,,,,,,,,,,,,,,,,,,,,,,,,,,,,,,,,,,,,,Group6,,,,,,
APT4,High,APT,China,APT4,,,Maverick Panda/Samurai Panda,,,,,Bronze Edison,TG-0623,,,,,Wisp Team,,,,,,,,,,,,,,,,,,,,,,,,,,,,,,,,,,,Sykipot ,,,,,,,,,,,,,,,,,,,,,,,,,,,,,,,,,,,,,,,,,,,,,,,,,
APT5,High,APT,China,APT5/UNC2630,,Poisoned Flight,"Keyhole Panda/
Pitty Panda",Manganese,G0011,,,Bronze Fleetwood,TG-2754,,,,,,,,,,PittyTiger,,,,,,,,,,,,,,,,,,,,,,,,,,,,,,,DPD,Temp.Bottle,,,,,,,,,,,,,,,,,,,,,,,,,,,,,,,,,,,,,,,,,,,,,,,
APT6,High,APT,China,APT6,,,,,,,,,,,,,,,,,,,,,,,,,,,,,,,,,,,,,,,,,,,,,,,,,,,,,,1.php Group,,,,,,,,,,,,,,,,,,,,,,,,,,,,,,,,,,,,,,,,,,,,
APT9,High,APT,China,APT9,,,Nightshade Panda,,,,,,,,Red Pegasus,,,,,,,,,,,,,,,,,,,,,,,,,,,,,,,,,,,,,,,,,,,,Group 27,,,,,,,,,,,,,,,,,,,,,,,,,,,,,,,,,,,,,,,,,,,
APT10,High,APT,China,Happyyongzi/MenuPass,TA429,,Stone Panda,Potassium,G0045,ITG01,,Bronze Riverside,CTG-5938,,Red Apollo,ATK41,,Cicada,,,,,,,,,,,,,,,,,,,,,,,,,,,,,,,,,,,,Granite Taurus,,,,,,CVNX,,,,,,,,,,,,,,,Hogfish,,,,,,,,,,,,,,,,,,,,,,,,,,,
APT12,High,APT,China,APT12/BeeBus,,,Numbered Panda,,G0005,,,Bronze Globe,CTG-8223,,,,,Calc Team/DynCALC/DNSCalc,,,,,,,,,,,,,,,,,,,,,,,,Crimson Iron,,,,,,Group22,,,,,,,,,,,,,,,,,,,,,,,,,,,,,,,,,,,,,,,,,,,,,,,,,,,,,,
APT14,High,APT,China,APT14,,,Anchor Panda,Aluminum,,,,,,,,,,,,,,,,,,,,,,,,,,,,,,,,,,,,,,,,,,,,,,,,,,,,,,,,,,,,,,,,,,,,,,,,,,,,,,,,,,,,,,,,,,,,,,
APT15,High,APT,China,Ke3chang/Playful Dragon,,,Vixen Panda ,,G0004,Hive0044,,Gref/Bronze Palace,Bronze Davenport/Bronze Idlewood/CTG-9246,,,ATK103,,,,,,,,,,,,,,,,,,,,,,,,,,,,,,,,,,,,,,,,,,,,,,,,Royal APT,,,,,,,,,,,,,,,,,,,,,,,,,,,,,,,,,,,,,,
APT16,High,APT,China,APT16,,SVCMONDR,,,G0023,,,,,,,,,,,,,,,,,,,,,,,,,,,,,,,,,,,,,,,,,,,,,,,,,,,,,,,,,,,,,,,,,,,,,,,,,,,,,,,,,,,,,,,,,,,,,
APT17,High,APT,China,Temp.Avengers/DeputyDog,,,Sneaky Panda/Aurora Panda,,G0025/G0066,,,Bronze Keystone,TG-8153,,,ATK2,,Elderwood/Tailgater Team/Hidden Lynx,,,,,,,,,,,,,,,,,,,,,,,,,,,,,,Group72,,,,,,,,,,,,,,,,,,,,,,,,,,,Dogfish,,,,,,,,,,,,,,,SIG22,,,,,,,,,,,,
APT18,High,APT,China,APT18,,,Dynamite Panda,Scandium,G0026,,,,TG-0416,,,,,,,,,,,,,,,,,,,,,,,,,,,,,,,,,,,,,,,,,Wekby,,,,,,,,,,,,,,,,,,,,,,,,,,,,,,,,,,,,,,,,,,,,,,,,
APT19,High,APT,China,Sunshop Group,,,Deep Panda/C0d0s0,,G0009/G0073,,,Bronze Firestone,TG-3551,,,,,Pupa,,,,,,,,,,,,,,,,,,,,,,,,,,,,,,,,,,,,,,,,,,,,,,,,,,,,,,,,,,,,,,,,,,,,,,,,,,,,,,,,,,,,
APT20,High,APT,China,APT8,,,Violin Panda,,G0116,,,,,,,,,,,,,,,,,,,,,,,,,,,,,,,,,,,,,,,,,,,,,TH3Bug/Crawling Taurus,,,,,,,,,,,,,,,,,,,,,,,,,,,,,,,,,,,,,,,,,,,,,,,,
APT21,Mid,APT,China,APT21,,NetTraveler,,,,,,,,,,,,,,,,,,,,,,,,,,,,,,,,,,,,,,,,,,,,,,,,,,,,,,,,,,,,,,,,,,,,,,,,,,,,,,,,,,,,,,,,,,,,,,,,
APT22,Mid,APT,China,APT22,,,,,G0039,,,Bronze Olive,,,,,,Suckfly,,,,,,,,,,,,,,,,,,,,,,,,,,,,,,Group46,,,,,,,,,,,,,,,,,,,,,,,,,,,,,,,,,,,,,,,,,,,,,,,,,,,,,,
APT23,High,APT,China,APT23,,,Pirate Panda,,G0081,,,Bronze Hobart,,,Red Orthrus,,,,,,Tropic Trooper,,,,,,,,,,,,,,,,,,,,,,,,,,,,,,,,,,,,,,,,,,,,,,,,,,,,,,,,,,,,KeyBoy,,,,,,,,,,,,,,,,,,,,,
APT26,Mid,APT,China,KungFu Kittens,,WebMasters,Turbine Panda,,,,,Bronze Express,,,,,,Black Vine,,,,,,,,,,,,,,,,,,,,,,,,,,,,,,Group13,,,,,,,,,,,,,,Shell Crew/PinkPanther,,,,,,,,,,,,,,,,,,,,,,,,,,,,,,,,,,,,,,,,
APT27,High,APT,China,APT27/Temp.Hippo/UNC215,,LuckyMouse,Emissary Panda,,G0027,Hive0006,,Bronze Union,TG-3390,,Red Phoenix ,ATK15,,Budworm,,,Iron Tiger,,,,,,,,,,,,,,,,,,,,,,,,,,,Group35,,,,,,Iron Taurus,,,,,,,,,,,,,,,,,,,,,,,,,,,,,,,,,,,,,,,,,,,,,,,,
APT28,High,APT,Russia,APT28,TA422,Sofacy,Fancy Bear,Strontium,G0007,ITG05,,Iron Twilight,TG-4127,,Blue Athena,ATK5,,Swallowtail,T-APT-12,APT-C-20,Pawn Storm,,,,,,,,,,,,,,,,,,,,Sednit,,,,,,,Group74,,,,,,Fighting Ursa,Tsar Team,,,,,,,,Grizzly Steppe,,,,,,,,,,,,Snakemackerel,,,,,,,,,,,,,,,SIG40,,,,,,,UAC-0028,,,,,
APT29,High,APT,Russia,APT29,TA421,CloudLook,Cozy Bear,Yttrium,G0016,ITG11,,Iron Hemlock,,,Blue Kitsune,ATK7,,,,,,,,,,,,,,,,,,,,,,,,,,,,,,,,Group100,,,,,,Cloaked Ursa,,,,,,,,,Grizzly Steppe,,,,,,,,,,,The Dukes,,,,,,,,,,,,,,,,,,,,,,,,,,,,
APT30,High,APT,China,APT30,,Naikon,Override Panda,,G0019/G0013,ITG06,,Bronze Geneva,Bronze Sterling/CTG-5326,,,,,,,,,,,,,,,,,,,,,,,,,,,,,,,,,,,,,,,,,,,,,,,,,,,,,,,,,,,,,,,,,,,,,,,,,,,,,,,,,,,,,,,,,
APT31,High,APT,China,APT31,,,Judgment Panda,Zirconium,G0128,,,Bronze Vinewood,,,Red Keres,,,,,,,,,,,,,,,,,,,,,,,,,,,,,,,,,,,,,,,,,,,,,,,,,,,,,,,,,,,,,,,,,,,,,,,,,,,,,,,,,,,,,,,
APT32,High,APT,Vietnam,APT32,,,Ocean Buffalo,,G0050,Hive0013,,Tin Woodlawn,Woodlawn,,Scarlet Ioke,ATK17,,,,APT-C-00,,,,OceanLotus,,,,,,,,,,,,,,,SectorF01,,,,,,,,,,,,,,,,,,,,,,,,,,,,,,,,,,,,,,,,,,,,,,,,,,,,,,,,,,,,,,,
APT33,High,APT,Iran,APT33,TA451,,Refined Kitten,Holmium,G0064,Hive0016,,Cobalt Trinity,,,Yellow Orc,ATK35,Magnallium,Elfin,,,,,,,,,,,,,,,,,,,,,,,,,,,,,,Group83,,,,,,,,,,,,,,,,,,,,,,,,,,,,,,,,,,,,,,,,,,,,,,,,,,,,,,
APT34,High,APT,Iran,APT34,TA452,,Helix Kitten/Twisted Kitten,Europium,G0049/G0116,ITG13,,Cobalt Gypsy,,,Yellow Maero,ATK40,Chrysene,Crambus,,,,,,,,OilRig,,IRN2,,,,,,,,,,,,,,,,,,,,,,,,,,Evasive Serpens,,,,,,,,,,,,,,,,,,,,,,,,,,,,,,,,,,,,,,,,,,,,,,,,
APT35,High,APT,Iran,Temp.Beanie/UNC788,TA453,NewsBeef,Charming Kitten,Phosphorus,G0003/G0059,ITG18,,Cobalt Mirage/Cobalt illusion,TG-2889,,Yellow Garuda,,,Timberworm,,,C-Major,,,,,,,,,,,,,,,,,,,,,,,,,,,Group41,,Tarh Andishan,,,,Magic Hound,Newscaster,,,,,,,,,,,,,,,,,,,,,,,,,,,,,,,,,,,,TunnelVision,,,,,,,,,,,
APT36,High,APT,Pakistan,Temp.Lapis,Transparent Tribe,Transparent Tribe,Mythic Leopard,,G0134,,,Copper Fieldstone,,,Green Havildar,ATK64,,,,APT-C-56,,,,,,,,,,,,,,,,,,,,,,,,,,,,,,,,,,ProjectM,,,,,,,,,,,,,,,,,,,,,,,,,,,,,,,,,,,,,,,,,,,,,,,,
APT37,High,APT,North Korea,Temp.Reaper,,ScarCruft,Ricochet Chollima,Thallium,G0067,ITG10,,Nickel Foxcroft,,,Black Shoggoth,ATK4,,,Hermit,,,,,,,,,,,,,Geumseong121/Venus 121,Red Eyes,,,,,,,,,,,,,,,Group123,,,,,,Moldy Pisces/Crooked Pisces,,,,,,,,,Hidden Cobra,,,,,,,,,,,,,,,,,,,,,,,,,,,,,,,,,,,,,,,
APT38,High,APT,North Korea,APT38,,Bluenoroff,Stardust Chollima,,G0082/G0032,ITG03/Hive0080,,Nickel Gladstone,CTG-6459,Lazarus,Black Dev 2,ATK117,,,T-APT-15,,Klipodenc,,,,,,,,,,,,,,,,,,SectorA01,,,,,,,,,Group77,,,,,,,,,,,,,,,BeagleBoyz,,,,,,,,,,,,,Lazarus Group,,,,,,,,,,,,,,,,,,,,,,NESTEGG,,,,
APT39,High,APT,Iran,APT39,TA454,,Remix Kitten,,G0087,ITG07,,Cobalt Hickman,,,,,,Chafer,,,,,,,,,,,,,,,,,,,,,,,,,,,,,,,,,,,,Radio Serpens,,,,,,,,,,,,,,,,,,,,,,,,,,,,,,,,,,,,,,,,,,,,,,,,
APT40,High,APT,China,Temp.Periscope/Temp.Jumper,Leviathan,,Kryptonite Panda,Gadolinium,G0065,ITG09,,Bronze Mohawk,,,,ATK29,,Pickleworm,,,,,,,,,,,,,,,,,,,,,,,,,,,,,,,,,,,,,,,,,,,,,,,,,,,,,,,Flaccid Rose,Nanhaishu,Mudcarp,,,,,,,,,,,,,,,,,,,,,,,,,,,
APT41,High,APT,China,APT41,,,Wicked Panda,Barium,G0044/G0096,,,Bronze Atlas,TG-2633,,Red Kelpie,,,Blackfly,,,Earth Baku,,,,,,,,,,,,,,,,,,,,,,,,,,,,,,,,,,,,,,,,,,,,,,,,,,,,,,,,,,,,,,,,,,,,,,,,,,,,,,,,,
APT42,Low,APT,Iran,APT42,,,,,,,,,,,,,,,,,,,,,,,,,,,,,,,,,,,,,,,,,,,,,,,,,,,,,,,,,,,,,,,,,,,,,,,,,,,,,,,,,,,,,,,,,,,,,,,,,,
Hammer Panda,Low,APT,China,Temp.Zhenbao,,Hammer Panda,,,,,,,,,,,,,,,,,,,,,,,,,,,,,,,,,,,,,,,,,,,,,,,,,,,,,,,,,,,,,,,,,,,,,,,,,,,,,,,,,,,,,,,,,,,,,,,,
Calypso,Mid,APT,China,,,,,,,,,Bronze Medley,,,,,,,,,,,,,,,,,,,,,,,,,,,,,,,,,,,,,,,,,,,,,,,,,,,,,Calypso,,,,,,,,,,,,,,,,,,,,,,,,,,,,,,,,,,,,,
Tonto Team,High,APT,China,Tonto Team,,CactusPete,Karma Panda,,G0131,,,Bronze Huntley,,,Red Beifang,,,,,,,,,,,,,,,,,,,,,,,,,,,,,,,,,,,,,,,,,,,,,,,,,,,,,,,,,,,,,,,,,,,,,,,,,,,,,,,,,,,,,,,
Unit8200,High,APT,Israel,,,Duqu Group,,,,,,,,,,,,,,,,,,,,,,,,,,,,,,,,,,,,,,,,,,,,,,,,,,,,,,,,,,,,,,,,,,,,,,,,,,,,,,,,,,,,SIG35,,,,,,,,,,,,
Avivore,Mid,APT,China,,,,,,,,,,,,,,,,,,,,,,,,,,,,,,,,,,,,,,,,,,,,,,,,,,,,,,,,,,,,,,,Avivore,,,,,,,,,,,,,,,,,,,,,,,,,,,,,,,,,,,,
Bahamut,High,Mercenary,Unknown,,,,,,G0112,,,,,,,,,,,,Urpage,,,,,,,,,,,,,,,,,,,EHDevel,EHDevel,,,,,,,,,,,,,Windy Phoenix,,,,,,,,,,,,,Bahamut,Bahamut,Windshift,,,,,,,,,,,,,,,,,,,,,,,,,,,,,,,,,
Dragonfly 2.0,High,APT,Russia,,,,Berserk Bear,,G0074,,,,,,,,Dymalloy,Dragonfly 2.0,,,,,,,,,,,,,,,,,,,,,,,,,,,,,,,,,,,,,,,,,,,,,,,,,,,,,,,,,,,,,,,,,,,,,,,,,,,,,,,,,,,,
The Big Bang,Low,APT,Unknown,,,,,,,,,,,,,,,,,,,The Big Bang,,,,,,,,,,,,,,,,,,,,,,,,,,,,,,,,,,,,,,,,,,,,,,,,,,,,,,,,,,,,,,,,,,,,,,,,,,,,,,,,
Patchwork,High,APT,India,,,Dropping Elephant,Viceroy Tiger,,G0040/G0089,Hive0047,,Zinc Emerson,TG-4410,,Orange Dev 1/Orange Athos,ATK11,,,,APT-C-09,,,,,,,,,,,,,,,,,,,,,,,,Monsoon,,,,,,,,,,Confucius/Thirsty Gemini,,,,,,,,,,,,,,,,Patchwork,,,,,,,,,,,,,,,,,,,,,,,,,,,,,,,,
Bitter,High,APT,India,,,,,,,,,,,,Orange Yali,,,,T-APT-17,APT-C-08,,,,,,,,,,,,,,,,,,,,,,,,Bitter,,,,,,,,,,,,,,,,,,,,,,,,,,,,,,,,,,,,,,,,,,,,,,,,,,,,,,,,,,
Blackgear,High,APT,China,,,,,,,,,,,,,,,,,,Blackgear,,,,,,,,,,,,,,,,,,,,,,,,,,,,,,,,,,,,,,,,,,,,,,,,,,,,,,,,,,,,,,,,,,,,,,,,,,,,,,,,,
BlackOasis,High,APT,Unknown,,,BlackOasis,,,G0063,,,,,,,,,,,,,,,,,,,,,,,,,,,,,,,,,,,,,,,,,,,,,,,,,,,,,,,,,,,,,,,,,,,,,,,,,,,,,,,,,,,,,,,,,,,,,
BlackTech,High,APT,China,Temp.Overboard,,,Circuit Panda,,G0098,,,Bronze Canal,CTG-6177,,Red Djinn,,,Palmerworm,T-APT-03,,Shrouded Crossbow,,,,,,,,,,,,,,,,,,,,,,,,,,,,,,,,,BendyBear/Manga Taurus,,,,,,,,,,,,,,,,,,,,,,,,,,,,,,,,,,,,,,,,,,,,,,,,
Blind Eagle,High,APT,Unknown,,,,,,G0099,,,,,,,,,,,APT-C-36,,,,,,,,,,,,,,,,,,,,,,,,,,,,,,,,,,,,,,,,,,,,,,,,,,,,,,,,,,,,,,,,,,,,,,,,,,,,,,,,,,
Blue Termite,High,APT,China,,,Blue Termite,,,,,,,,,,,,Cloudy Omega,,,,,,,,,,,,,,,,,,,,,,,,,,,,,,,,,,,,,,,,,,,,,,,,,,,,,,,,,,,,,,,,,,,,,,,,,,,,,,,,,,,,
Bookworm,Low,APT,Unknown,,,,,,,,,,,,,,,,,,,,,,,,,,,,,,,,,,,,,,,,,,,,,,,,,,,,,,,,,,,,,,,,,,,,,,,,,,,,,,,,,,,,,,,,,,,,,,,,,,,
Bronze Butler,High,APT,China,Temp.Tick,,,Stalker Panda,,G0060,Hive0076,,Bronze Butler,CTG-2006,,,,,,,,,,,,,,,,,,,,,,,,,,,,,,,,,,,,,,,,,Stalker Taurus,,,,,,,,,,,,,,,,,,,,,,,,,,,,,,,,,,,,,,,,,,,,,,,,
Buhtrap,High,Organized Crime,Russia,,,,,,,,,,,,,,,,,,,,,,,,,,,,,,,,,,,,,,,,,,,,,,,,,,,,,,,,,,,,,,,,,,,,,,,,,,,,,,,,,,,,,,,,,,,,,,,,,,,
Callisto Group,High,APT,Russia,,TA446,,Gossamer Bear,Seaborgium,,,,Cobalt Edgewater,,,Blue Callisto,,,,,,,,,,,,,,,,,,,,,,,,,,,,,,,,,,,,,,,,,,,,,,,,,,,,,,,,,,,Callisto Group,,,,,,,,,,,Cold River,,,,,,,,,,,,,,,,Cold River,
CardinalLizard,Unknown,APT,China,,,CardinalLizard,,,,,,,,,,,,,,,,,,,,,,,,,,,,,,,,,,,,,,,,,,,,,,,,,,,,,,,,,,,,,,,,,,,,,,,,,,,,,,,,,,,,,,,,,,,,,,,,
Careto,High,APT,Spain,,,Careto,,,,,,,,,,,,,,,,,,,,,,,,,,,,,,,,,,,,,,,,,,,,,,,,,,,,,,,,,,,,,,,,,,,,,,,,,,,,,,,,,,,,,,,,,,,,,,,,
Chimera,Mid,APT,China,,,,,,G0114,,,,,,Red Charon,,,,,,,,,,,,,,,,,,,,,,,,,,,,,,,,,,,,,,,,,,,,,,,,,,,,,,,,,,,,,,,,,,,,,,,,,,Chimera,,,,,,,,,,,,,
Longhorn,High,APT,United States of America,,,The Lamberts,,,G0020,,,Platinum Terminal,,,,,,Longhorn,,APT-C-39,,,,,,,,,,,,,,,,,,,,,,,,,,,,,,,,,,,,,,,,,,,,,,,,,,,,,,,,,,,,,,,,,,,,,,,,,,,,,,,,,,
Clever Kitten,High,APT,Iran,,,,Clever Kitten,,,,,,,,,,,,,,,,,,,,,,,,,,,,,,,,,,,,,,,,,Group41,,,,,,,,,,,,,,,,,,,,,,,,,,,,,,,,,,,,,,,,,,,,,,,,,,,,,,
Cobalt Group,High,Organized Crime,Russia,,,,Cobalt Spider,,G0080,Hive0040/Hive0055,Magecart Group 4,Gold Kingswood,,Cobalt Group,,ATK67,,,,,,,,,,,,,,,,,,,,,,,,,,,,,,,,,,,,,,Mule Libra,,,,,,,,,,,,,,,,,,,,,,TAG-CR3,,,,,,,,,,,,,,,,,,,,,,,,,,
CopyKittens,High,APT,Iran,,,,Slayer Kitten,,G0052,,,,,,,,,,,,CopyKittens,,,,,,,,,,,,,,,,,,,,,,,,,,,,,,,,,,,,,,,,,,,,,,,,,,,,,,,,,,,,,,,,,,,,,,,,,,,,,,,,,
Metel,High,Organized Crime,Russia,,,Metel,,,,,,,,Corkow,,,,,,,,,,,,,,,,,,,,,,,,,,,,,,,,,,,,,,,,,,,,,,,,,,,,,,,,,,,,,,,,,,,,,,,,,,,,,,,,,,,,,,,,
Covellite,High,APT,North Korea,,,,Labyrinth Chollima,Zinc,,,,Nickel Academy,CTG-2460,,Black Artemis,ATK3,Covellite,,,,,,,,,,,,,,,,,,,,,,,,,,,,,,,,,,,,,,,,,,,,,,,,,,,,,,,,,,,,,,,,,,,,,,,,,,,,,,,,,,,,,
Cyber Berkut,Mid,Hacktivists,Russia,,,,,,,,,,,,,,,,,,,,,,,,,,,,,,,,,,,,,,,,,,,,,,,,,,,,,,,,,,,,,,,,,Cyber Berkut,,,,,,,,,,,,,,,,,,,,,,,,,,,,,,,,,,
Dark Caracal,High,APT,Lebanon,,,,,,G0070,,,,,,,ATK27,,,,,,,,,,,,,,,,,,,,,,,,,,,,,,,,,,,,,,,,,,,,,,,,,,,,,,,,,,,,TAG-CT3,,Dark Caracal,,,,,,,,,,,,,,,,,,,,,,,,
DarkHotel,High,APT,South Korea,Fallout Team,,DarkHotel,Shadow Crane,Dubnium,G0012/G0126,Hive0092,,Tungsten Bridge,CTG-1948,,,ATK52,,,T-APT-02/Higaisa,APT-C-06,,,,,,,,,,,,,,,,,,,,,,,,,,,,,,,,,,,,,,,,,,,,,,,,,,,,,,,,,,,,,,,,,,,,,,SIG25,,,,,,,,,,,,
DarkHydrus,High,APT,Iran,,,LazyMeerkat,,,G0079,Hive0075,,,,,,ATK77,,,,,,,,,,,,,,,,,,,,,,,,,,,,,,,,,,,,,,Obscure Serpens,,,,,,,,,,,,,,,,,,,,,,,,,,,,,,,,,,,,,,,,,,,,,,,,
DarkUniverse,High,APT,Unknown,,,DarkUniverse,,,,,,,,,,,,,,,,,,,,,,,,,,,,,,,,,,,,,,,,,,,,,,,,,,,,,,,,,,,,,,,,,,,,,,,,,,,,,,,,,,,,SIG27,,,,,,,,,,,,
Desert Falcons,High,Hacktivists,Gaza,,,,,,,,,,,,Grey Karkadann,ATK66,,,,APT-C-23/Two-tailed Scorpion,,,,,,,,,,,,,,,,,,,,,,,,,,,,,,,,,,,,,,,,,,,,,,,,,,,,,,,,,,,,,,,,,,,,,,,,,,,,,,,,,,
Domestic Kitten,High,APT,Iran,,,,,,G0097,,,,,,,,,,,APT-C-50,Bouncing Golf,Domestic Kitten,,,,,,,,,,,,,,,,,,,,,,,,,,,,,,,,,,,,,,,,,,,,,,,,,,,,,,,,,,,,,,,,,,,,,,,,,,,,,,,,
Donot Team,High,APT,India,,,,Viceroy Tiger,,,,,,,,Orange Berserker/Orange Kala,,,,,APT-C-35,,,,,,,,,,,,,,,,,,,SectorE02,,,,,,,,,,,,,,,,,,,,Donot Team,,,,,,,,,,,,,,,,,,,,,,,,,,,,,,,,,,,,,,,,,,,
DragonOK,High,APT,China,Temp.DragonOK,,Danti,Samurai Panda,,G0017/G0002,Hive0052/Hive0049,,Bronze Overbrook,,,,,,,,,,,,,,,,,,,,,,,,,,,,,,,,,,,,,,,,,,Shallow Taurus,,,,,,,,,,,,,,,,,,,,,,,,,,,,,,,,,,,,,,,,,,,,,,,,
APT-C-34,High,APT,Russia,,,DustSquad,,,G0133,,,,,,,,,,,Golden Falcon,,,,,,,,,,,,,,,,,,,,,Nomadic Octopus,,,,,,,,,,,,,,,,,,,,,,,,,,,,,,,,,,,,,,,,,,,,,,,,,,,,,,,,,,,,,
Dust Storm,Mid,APT,China,,,,,,G0031,,,,,,,,,,,,,,,,,,,,,,,,,,,,,,,,,,,,,,,,,Dust Storm,,,,,,,,,,,,,,,,,,,,,,,,,,,,,,,,,,,,,,,,,,,,,,,,,,,,
El Machete,High,APT,Unknown,Temp.Andromeda,,El Machete,,,G0095,,,,,,,ATK97,,,,APT-C-43,,,,,,,,,,,,,,,,,,,,,,,,,,,,,,,,,,,,,,,,,,,,,,,,,,,,,,,,,,,,,,,,,,,,,,,,,,,,,,,,,,
EmpireMonkey,High,Organized Crime,Unknown,,,CobaltGoblin,Anthropoid Spider,,,,,,,,,,,,,,,,,,,,,,,,,,,,,,,,,,,,,,,,,,,,,,,,,,,,,,,,,,,,,,,,,,,,,,EmpireMonkey,,,,,,,,,,,,,,,,,,,,,,,,,
Energetic Bear,High,APT,Russia,TEMP.Isotope,,Crouching Yeti,Energetic Bear / Berserk Bear,,G0035,ITG15,,Iron Liberty,Castle/TG-4192,,Blue Kraken,ATK6,Allanite/Electrum,Dragonfly,,,,,,,,,,,,,,,,,,,,,,,,,,,,,,Group24,,,,,,,Koala Team,,,,,,,,,,,,,,,,,,,,,,,,,,,,,,,,,,,,,,,,,,,,,,,
Evil Eye,High,APT,China,,,,,,,,,,,,Red Dev 16,,,,,,Earth Empusa,,,,,,,,,,,,,,,,,,,,,,,,,,,,,,,,,,,,,,,,,,,,,,,,,,,,,,,,,,,,Poison Carp,,,Evil Eye,,,,,,,,,,,,,,,,,,
Evilnum,High,Mercenary,Unknown,,TA4563,DeathStalker ,,,G0120,,,,,,,,,Jointworm,,,,,,,,,,,,,,,,,,,,,,,,,,,,,,,,,,,,Evilnum,,,,,,,,,,,,,,,,,,,,,,,,,,,,,,,,,,,,,,,,,,,,,,,,
Fishing Elephant,Low,APT,India,,,Fishing Elephant,,,,,,,,,,,,,,,,,,,,,,,,,,,,,,,,,,,,,,,,,,,,,,,,,,,,,,,,,,,,,,,,,,,,,,,,,,,,,,,,,,,,,,,,,,,,,,,,
Flying Kitten,High,APT,Iran,Ajax Security Team,,,Flying Kitten,,G0130,,,,,,,,,,,,,,,,,,,,,,,,,,,,,,,,,,,,,,,Group26,,,,,,,,,,,,,,,,,,,,,,,,,,,,,,,,,,,,,,,,,,,,,,,,,,,,,,
FunnyDream,High,APT,China,,,FunnyDream,,,,,,Bronze Edgewood,,,Red Hariasa/Red Dev 17,,,,,,,,,,,,,,,,,,,,,,,,,,,,,,,,,,,,,,,,,,,,,,,,,,,,,,,,,,,,,,,,,,,,,,,,,,,,,,,,,,,,,,,
Gallium,High,APT,China,,,,Phantom Panda,Gallium,G0093,,,,,,Red Dev 4,,,,,,,,,,,,,,,,,,,,,,,,,,,,,,,,,,,,,,,Alloy Taurus,,,,,,,,,,,,,,,,,,,,,,,,,,,,,,,,,,,,,,,,,,,,,,,,
Gallmaker,Low,APT,Unknown,,,,,,G0084,,,,,,,,,Gallmaker,,,,,,,,,,,,,,,,,,,,,,,,,,,,,,,,,,,,,,,,,,,,,,,,,,,,,,,,,,,,,,,,,,,,,,,,,,,,,,,,,,,,
Gamaredon Group,High,Mercenary,Russia,Temp.Armageddon/UNC530,,Dancing Salome,Primitive Bear,DEV-0157/Actinum,G0047,,,Iron Tilden,,,Blue Otso,,,Shuckworm,,APT-C-53,,,,,,,,,,,,,,,,,,,,,,,,,,,,,,,,,,Trident Ursa,,,,,,,,,,,,,,,,,,,,,Winterflounder,BlueAlpha,,,,,,,,,,,,,,,,,,,,,UAC-0010,,,,,
Gangnam Industrial Style,High,APT,Unknown,,,,,,,,,,,,,,,,,,,,,,,,,,,,,,,,,,,,,,,,,,,,,,,,,,,,,,,,,,,,,,,,,,,,,Gangnam Industrial Style,,,,,,,,,,,,,,,,,,,,,,,,,,,,,,
GCMAN,High,Organized Crime,Russia,,,Gcman,,,G0036,,,,,,,,,,,,,,,,,,,,,,,,,,,,,,,,,,,,,,,,,,,,,,,,,,,,,,,,,,,,,,,,,,,,,,,,,,,,,,,,,,,,,,,,,,,,,
GhostNet,High,APT,China,,,,,,,,,,,,,,,,,,,,,,,,,,,,,,,,,,,,,,,,,,,,,,,,,,,,,,,,,,,,,,,,,,,,,,,,,,,,Snooping Dragon,GhostNet,,,,,,,,,,,,,,,,,,,,,,
Goblin Panda,High,APT,China,Cycldek,,Hellsing,Goblin Panda,,,Hive0045,,,,,,,,,,,,,,,,,,,,,,,,,,,,,,,,,,,,,,,,,,,,,,,Conimes,,,,,,,,,,,,,,,,,,,,,,,,,,,,,,,,,,,,,,,,,,,,,
Gorgon Group,High,APT,Pakistan,,,,,,G0078,Hive0086,,,,,,ATK92,,,,,,,,,,,,,,,,,,,,,,,,,,,,,,,,,,,,,,Pasty Draco/Subaat,,,,,,,,,,,,,,,,,,,,,,TAG-CR5,,,,,,,,,,,,,,,,,,,,,,,,,,
Group5,High,APT,Iran,,,,,,G0043,,,,,,,,,,,,,,,,,,,,,,,,,,,,,,,,,,,,,,,,,,,,,,,,,,,,,,,,,,,,,,,,,,,,,,,,Group5,,,,,,,,,,,,,,,,,,,,,
Hexane,High,APT,Iran,,,,ScorchedEpoch,,,Hive0112,,Cobalt Lyceum,,,Yellow Dev 9,ATK120,Hexane,,,,,,,,,Siamesekitten,,,,,,,,,,,,,,,,,,,,,,,,,,,,,,,,,,,,,,,,,,,,,,,,,,,,,,,,,,,,,,,,,,,,,,,,,,,,
Honeybee,High,APT,Unknown,,,,,,G0072,,,,,,,,,,,,,,,,,,,,,,,,,,,,,,,,,,,,,,,,,,,,,,,,,,,,,,,,,,,,,,,,,,,,,,,,,,,,,,,,,,,,,,,,,,,,,
IAmTheKing,Mid,APT,Russia,,,IAmTheKing,,,,,,,,,,,,,,,,,,,,,,,,,,,,,,,,,,,PowerPool,,,,,,,,,,,,,,,,,,,,,,,,,,,,,,,,,,,,,,,,,,,,,,,,,,,,,,,,,,,,,
Icefog,High,APT,China,,,Icefog,Dagger Panda,,,,,,,,Red Wendigo,ATK23,,,,,,,,,,,,,,,,,,,,,,,SectorB06,,,,,,,,,,,,,,,,,,,,,,,,,,,,,,,,,,,,,,,,,,,,,,,,,,,,,,,,,,,,,,,
Cloud Atlas,High,APT,Russia,,,Cloud Atlas,,Oxygen,G0100,Hive0097,,,,,Blue Odin,ATK116,,,,,,,,,,,,,,,,,,,,,,,,,,,,,,,,,,,,,,Clean Ursa,,,,,,,,,,,,,,,,,,,,,,,,,,,,,,,,,,,,,,,,,,,,,,,,
Prince of Persia,High,APT,Iran,,,Ferocious Kitten,,,G0137,,,,,,,,,,,APT-C-07,,,,,,,,,,,,,,,,,,,,,,,,,,,,,,,,,,Infy/Foudre,,,,,,,,,,,,,,,,,,,,,,,,,,,,,,,,,,,,,,,,,,,,,,,,
Iridium,Low,APT,Iran,,,,,,,,,,,,,,,,,,,,,,,,,,,,,,,,,,,,,,,,,,,,,,,,,,,,,,,,,,,,,,,,,,,,,,,,,,,,,,,,,,,Iridium,,,,,,,,,,,,,,,,
IronHusky,Low,APT,China,,,IronHusky,,,,,,,,,,,,,,,,,,,,,,,,,,,,,,,,,,,,,,,,,,,,,,,,,,,,,,,,,,,,,BBCY-TA1,,,,,,,,,,,,,,,,,,,,,,,,,,,,,,,,,,,
Kimsuky,High,APT,North Korea,,TA406,Kimsuky,Velvet Chollima,Thallium,G0094,ITG16,,Nickel Kimball,,,Black Banshee,,,,,APT-C-55,,,,,,,,,,,,,,,,,,,,,,,,,,,,,,,,,,,,,,,,,,,,,,,,,,,,,,,,,,,,,,,,,,,,,,,,,,,,,,,,,,
Andariel,High,APT,North Korea,,,,Silent Chollima,Plutonium,G0138,,,Nickel Hyatt,,,,,,,,,,,,,,,,,,,,,,,,,,,,,,,,,,,,,,,Andariel,,,,,,,,,,,,,,,,,,,,,,,,,,,,,,,,,,,,,,,,,,,,,,,,,,,
Flash Kitten,High,APT,Iran,,,,,,G0077,,,,,,,,Raspite,Leafminer,,,,,,,,,,,,,,,,,,,,,,,,,,,,,,,,,,,,,,,,,,,,,,,,,,,,,,,,,,,,,,,,,,,,,,,,,,,,,,,,,,,,
leetMX,Mid,APT,Mexico,,,,,,,,,,,,,,,,,,,,,,,leetMX,,,,,,,,,,,,,,,,,,,,,,,,,,,,,,,,,,,,,,,,,,,,,,,,,,,,,,,,,,,,,,,,,,,,,,,,,,,,
Libyan Scorpions,Mid,APT,Libya,,,,,,,,,,,,,,,,,,,,,,,,,,Libyan Scorpions,,,,,,,,,,,,,,,,,,,,,,,,,,,,,,,,,,,,,,,,,,,,,,,,,,,,,,,,,,,,,,,,,,,,,,,,,
Lotus Blossom,High,APT,China,,,Spring Dragon,Lotus Panda,,G0030/G0076,,,Bronze Elgin,CTG-8171,,Red Salamander,ATK1/ATK78,,Thrip/Billbug,,,,,,,,,,,,,,,,,,,,,,,,,,,,,,,,,,,,Lotus Blossom,,,,,,,,,,,,,,,,,,,,,Dragonfish,,,,,,,,,,,,,,,,,,,,,,,,,,,
Lucky Cat,Mid,APT,China,,,,,,,,,,,,,,,Lucky Cat,,,,,,,,,,,,,,,,,,,,,,,,,,,,,,,,,,,,,,,,,,,,,,,,,,,,,,,,,,,,,,,,,,,,,,,,,,,,,,,,,,,,
Lurk,Mid,Organized Crime,Russia,,,Lurk,,,,,,,,,,,,,,,,,,,,,,,,,,,,,,,,,,,,,,,,,,,,,,,,,,,,,,,,,,,,,,,,,,,,,,,,,,,,,,,,,,,,,,,,,,,,,,,,
Mahdi,Low,APT,Iran,,,Madi,,,,,,,,,,,,,,,,,,,,,,,,,,,,,,,,,,,,,,,,,,,,,,,,,,,,,,,,,,,,,,,,,,,,,,,,,,,,,,,,,,,,,,,,,,,,,,,,
Mikroceen,Mid,APT,China,,,SixLittleMonkeys,,,,,,,,,,,,,,,,,,,,,,,,,,,,,,,,,,,Mikroceen,,,,,,,,,,,,,,,,,,,,,,,,,,,,,,,,,,,,,,,,,,,,,,,,,,,,,,,,,,,,,
Molerats,High,Hacktivists,Gaza,Molerats,TA402,Gaza Cybergang/Gaza Hackers Team,Extreme Jackal,,G0021,,,Aluminum Saratoga,,,White Dev 21,ATK89,,,,,,,,,,DustySky,,,,,,,,,,,,,,,,,,,,,,,,,,,,,,,,,,,,,,,,,,,,,,,,,,,,,,,,,,,,,,,,,,,,,,,,,,,,
MoneyTaker,High,Organized Crime,Russia,,,,,,,,,,,MoneyTaker,,,,,,,,,,,,,,,,,,,,,,,,,,,,,,,,,,,,,,,,,,,,,,,,,,,,,,,,,,,,,,,,,,,,,,,,,,,,,,,,,,,,,,,,
MuddyWater,High,APT,Iran,Temp.Zagros,TA450,,Static Kitten,Mercury,G0069,ITG17,,Cobalt Ulster,,,Yellow Nix,ATK51,,Seedworm,T-APT-14,,,,,,,,,,,,,,,,,,,,,,,,,,,,,,,,,,,Boggy Serpens,,,,,,,,,,,,,,,,,,,,,,,,,,,,,,,,,,,,,,,,,,,,,,,,
Mustang Panda,High,APT,China,Temp.Hex,TA416,HoneyMyte,Mustang Panda,Tantalum,G0129,,,Bronze President,,,Red Lich,,,,,,,,,,,,,,,,,,,,,,,,,,,,,,,,,,,,,,,,,,,,,,,,,,,,,,,,,,,,,,,,,,,,,,,,,,,,,,,,,,UAC-0084,,,,,
Nazar,High,APT,Iran,,,,,,,,,,,,,,,,,,,,,,,,,,,,,,,,,,,,,,,,,,,,,,,,,,,,,Nazar,,,,,,,,,,,,,,,,,,,,,,,,,,,,,,,,Iron Tiger,,SIG37,,,,,,,,,,,,
Neodymium,High,APT,Turkey,,,,,Neodymium,G0055,,,,,,,,,,,,,,,,,,,,,,,,,,,,,,,,,,,,,,,,,,,,,,,,,,,,,,,,,,,,,,,,,,,,,,,,,,,,,,,,,,,,,,,,,,,,,
Night Dragon,High,APT,China,,,,,,G0014,,,,,,,,,,,,,,Night Dragon,,,,,,,,,,,,,,,,,,,,,,,,,,,,,,,,,,,,,,,,,,,,,,,,,,,,,,,,,,,,,,,,,,,,,,,,,,,,,,,
NineBlog,Mid,APT,China,NineBlog,,,,,,,,,,,,,,,,,,,,,,,,,,,,,,,,,,,,,,,,,,,,,,,,,,,,,,,,,,,,,,,,,,,,,,,,,,,,,,,,,,,,,,,,,,,,,,,,,,
Nitro,Mid,APT,China,,,,,,,,,,,,,,,Covert Grove,,,,,,,,,,,,,,,,,,,,,,,,,,,,,,,,,,,,,,,,,,,,,,,,,,,,,,,,,,,,,,,,,,,,,,,,,,,,,,,,,,,,
Greenbug,High,APT,Iran,,,,Volatile Kitten,,,,,,,,Yellow Mora,,,Greenbug,,,,,,,,,,,,,,,,,,,,,,,,,,,,,,,,,,,,,,,,,,,,,,,,,,,,,,,,,,,,,,,,,,,,,,,,,,,,,,,,,,,,
Black Atlas,Mid,Organized Crime,Unknown,,,,,,,,,,,,,,,,,,Black Atlas,,,,,,,,,,,,,,,,,,,,,,,,,,,,,,,,,,,,,,,,,,,,,,,,,,,,,,,,,,,,,,,,,,,,,,,,,,,,,,,,,
BugDrop,Mid,APT,Russia,,,,,,,,,,,,,,,,,,,,,,,,,,,,,,,,,,,,,,,,,,,,,,,,,,,,,,,,,,,,,,,,,,,,,BugDrop,,,,,,,,,,,,,,,,,,,,,,,,,,,,,,
Comando,Mid,Organized Crime,Unknown,,,,,,,,,,,,,,,,,,,,,,,,,,,,,,,,,,,,,,,,,,,,,,,,,,,Comando,,,,,,,,,,,,,,,,,,,,,,,,,,,,,,,,,,,,,,,,,,,,,,,,
DRBControl,High,APT,China,,,,,,,,,,,,,,,,,,DRBControl,,,,,,,,,,,,,,,,,,,,,,,,,,,,,,,,,,,,,,,,,,,,,,,,,,,,,,,,,,,,,,,,,,,,,,,,,,,,,,,,,
Chernovite,Mid,APT,Unknown,,,,,,,,,,,,,,Chernovite,,,,,,,,,,,,,,,,,,,,,,,,,,,,,,,,,,,,,,,,,,,,,,,,,,,,,,,,,,,,,,,,,,,,,,,,,,,,,,,,,,,,,
Epic Manchego,Mid,APT,Unknown,,,,,,,,,,,,,,,,,,,,,,,,,,,,,,,,,,,,,,,,,,,,,,,,,,,,,,,,,,,,,,,,,,,,Epic Manchego,,,,,,,,,,,,,,,,,,,,,,,,,,,,,,,
Ghoul,Mid,APT,Unknown,,,Ghoul,,,,,,,,,,,,,,,,,,,,,,,,,,,,,,,,,,,,,,,,,,,,,,,,,,,,,,,,,,,,,,,,,,,,,,,,,,,,,,,,,,,,,,,,,,,,,,,,
Groundbait,Mid,APT,Ukraine,,,,,,,,,,,,,,,,,,,,,,,,,,,,,,,,,,,,,,Groundbait,,,,,,,,,,,,,,,,,,,,,,,,,,,,,,,,,,,,,,,,,,,,,,,,,,,,,,,,,,,,,
Operation Parliament,Mid,APT,Unknown,,,Operation Parliament,,,,,,,,,,,,,,,,,,,,,,,,,,,,,,,,,,,,,,,,,,,,,,,,,,,,,,,,,,,,,,,,,,,,,,,,,,,,,,,,,,,,,,,,,,,,,,,,
TwoSail Junk,Mid,APT,China,,,TwoSail Junk,,,,,,,,,,,,,,,Poisoned News,,,,,,,,,,,,,,,,,,,,,,,,,,,,,,,,,,,,,,,,,,,,,,,,,,,,,,,,,,,,,,,,,,,,,,,,,,,,,,,,,
Poison Needles,Mid,APT,Ukraine,,,,,,,,,,,,,,,,,Poison Needles,,,,,,,,,,,,,,,,,,,,,,,,,,,,,,,,,,,,,,,,,,,,,,,,,,,,,,,,,,,,,,,,,,,,,,,,,,,,,,,,,,
Potao Express,Mid,APT,Unknown,,,,,,,,,,,,,,,,,,,,,,,,,,,,,,,,,,,,,,Potao Express,,,,,,,,,,,,,,,,,,,,,,,,,,,,,,,,,,,,,,,,,,,,,,,,,,,,,,,,,,,,,
Red Signature,High,APT,China,,,,,,,,,,,,,,,,,,Red Signature,,,,,,,,,,,,,,,,,,,,,,,,,,,,,,,,,,,,,,,,,,,,,,,,,,,,,,,,,,,,,,,,,,,,,,,,,,,,,,,,,
Shady RAT,Low,APT,China,,,,,,,,,,,,,,,,,,,,Shady RAT,,,,,,,,,,,,,,,,,,,,,,,,,,,,,,,,,,,,,,,,,,,,,,,,,,,,,,,,,,,,,,,,,,,,,,,,,,,,,,,
Titan Rain,Low,APT,China,,,,,,,,,,,,,,,,,,,,,,,,,,,,,,,,,,,,,,,,,,,,,,,,,,,,,,,,,,,,Titan Rain,,,,,,,,,,,,,,,,,,,,,,,,,,,,,,,,,,,,,,,
ViceLeaker,Mid,APT,Unknown,,,ViceLeaker,,,,,,,,,,,,,,,,,,,,,,,,,,,,,,,,,,,,,,,,,,,,,,,,,,,,,,,,,,,,,,,,,,,,,,,,,,,,,,,,,,,,,,,,,,,,,,,,
WizardOpium,Mid,APT,Unknown,,,WizardOpium,,,,,,,,,,,,,,,,,,,,,,,,,,,,,,,,,,,,,,,,,,,,,,,,,,,,,,,,,,,,,,,,,,,,,,,,,,,,,,,,,,,,,,,,,,,,,,,,
Orangeworm,High,APT,Unknown,,,,,,G0071,,,,,,,,,Orangeworm,,,,,,,,,,,,,,,,,,,,,,,,,,,,,,,,,,,,,,,,,,,,,,,,,,,,,,,,,,,,,,,,,,,,,,,,,,,,,,,,,,,,
Packrat,Mid,APT,Unknown,,,,,,,,,,,,,,,,,,,,,,,,,,,,,,,,,,,,,,,,,,,,,,,,,,,,,,,,,,,,,,,,,,,,,,,,,,,,,,Packrat,,,,,,,,,,,,,,,,,,,,,
PKPLUG,High,APT,China,,,,,,,,,,,,,,,,,,,,,,,,,,,,,,,,,,,,,,,,,,,,,,,,,,,Stately Taurus,,,,,,,,,,,,,,,,,,,,,,,,,,,,,,,,,,,,,,,,,,,,,,,,
Platinum,High,APT,China,TwoForOne,,Platinum,,Platinum,G0068,,,,,,,ATK33,,,,,,,,,,,,,,,,,,,,,,,,,,,,,,,,,,,,,,,,,,,,,,,,,,,,,,,,,,,,,,,,,,,,,,,,,,,,,,,,,,,,,,
Poseidon Group,High,APT,Brazil,,,Poseidon Group,,,G0033,,,,,,,,,,,,,,,,,,,,,,,,,,,,,,,,,,,,,,,,,,,,,,,,,,,,,,,,,,,,,,,,,,,,,,,,,,,,,,,,,,,,,,,,,,,,,
StrongPity,High,APT,Turkey,,,StrongPity,,Promethium,G0056,,,,,,Teal Dev 2,,,,,APT-C-41,,,,,,,,,,,,,,,,,,,,,,,,,,,,,,,,,,,,,,,,,,,,,,,,,,,,,,,,,,,,,,,,,,,,,,,,,,,,,,,,,,
Pusikurac ,High,APT,Unknown,,,,,,,,,,,,,,,,,,,,,,,,,,,Pusikurac,,,,,,,,,,,,,,,,,,,,,,,,,,,,,,,,,,,,,,,,,,,,,,,,,,,,,,,,,,,,,,,,,,,,,,,,
Rampant Kitten,High,APT,Iran,,,,,,,,,,,,,,,,,,,Rampant Kitten,,,,,,,,,,,,,,,,,,,,,,,,,,,,,,,,,,,,,,,,,,,,,,,,,,,,,,,,,,,,,,,,,,,,,,,,,,,,,,,,
Rancor Group,High,APT,China,,,,,,G0075,,,,,,,,,,,,,,,,,,,,,,,,,,,,,,,,,,,,,,,,,,,,,Rancor Taurus,,,,,,,,,,,,,,,,,,,,,,,,,,,,,,,,,,,,,,,,,,,,,,,,
RATicate,Mid,APT,Unknown,,,,,,,,,,,,,,,,,,,,,,,,,,,,RATicate,,,,,,,,,,,,,,,,,,,,,,,,,,,,,,,,,,,,,,,,,,,,,,,,,,,,,,,,,,,,,,,,,,,,,,,
Red Alpha,Mid,APT,China,,,,,,,,,,,,Red Dev 3,,,,,,,,,,,,,,,,,,,,,,,,,,,,,,,,,,,,,,,,,,,,,,,,,,,,,,,,,,,,,Red Alpha,,,,,DeepCliff/Red Alpha,,,,,,,,,,,,,,,,,,,,,
RedCurl,High,APT,Unknown,,,,,,,,,,,RedCurl,,,,,,,,,,,,,,,,,,,,,,,,,,,,,,,,,,,,,,,,,,,,,,,,,,,,,,,,,,,,,,,,,,,,,,,,,,,,,,,,,,,,,,,,
RedDelta,Mid,APT,China,,,,,,,,,,,,,,,,,,,,,,,,,,,,,,,,,,,,RedDelta,,,,,,,,,,,,,,,,,,,,,,,,,,,,,,,,,,,,,,,,,,,,,,,,,,,,,,,,,,,,,,,
RevengeHotels,Mid,APT,Unknown,,,RevengeHotels,,,,,,,,,,,,,,,,,,,,,,,,,,,,,,,,,,,,,,,,,,,,,,,,,,,,,,,,,,,,,,,,,,,,,,,,,,,,,,,,,,,,,,,,,,,,,,,,
Roaming Tiger,High,APT,China,,,,,,,,,Bronze Woodland,CTG-7273,,,,,,,,,,,,,,,,,,Rotten Tomato,,,,,,,,,,Roaming Tiger,,,,,,,,,,,,,,,,,,,,,,,,,,,,,,,,,,,,,,,,,,,,,,,,,,,,,,,,,,,,,
Void Balaur,High,Mercenary,Worldwide,,,,,,,,,,,,,,,,,,Void Balaur,,,,,,,,,,,,,,,,,,,,,,,,,,,,,,,,,,,,,,,,,,,,,,,,,,,,,,,,,,,,,,,,,,,,,,Void Balaur,,,,,,,,,,Void Balaur,
SSHPsychos,Mid,Organized Crime,Unknown,,,,,,,,,,,,,,,,,,,,,,,,,,,,,,,,,,,,,,,,,,,,,,,,,,,,,,,,,,,,,,,,,,,,,,,,,,,,,,,,,,,,,,,,,,,,,Group93,,,,,,
RTM,High,Organized Crime,Russia,,,,,,G0048,,,,,,,,,,,,,,,,,,,,,,,,,,,,,,,,RTM,,,,,,,,,,,,,,,,,,,,,,,,,,,,,,,,,,,,,,,,,,,,,,,,,,,,,,,,,,,,,
Safe,Mid,APT,China,,,,,,,,,,,,,,,,,,Safe,,,,,,,,,,,,,,,,,,,,,,,,,,,,,,,,,,,,,,,,,,,,,,,,,,,,,,,,,,,,,,,,,,,,,,,,,,,,,,,,,
SandCat,Mid,APT,Uzbekistan,,,SandCat,,,,,,,,,,,,,,,,,,,,,,,,,,,,,,,,,,,,,,,,,,,,,,,,,,,,,,,,,,,,,,,,,,,,,,,,,,,,,,,,,,,,,,,,,,,,,,,,
BlackEnergy,High,APT,Russia,Temp.Noble,,Hades/OlympicDestroyer/BE2,Voodoo Bear,Iridium,G0034,Hive0103,,Iron Viking,CTG-7263,,Blue Echidna,ATK14,Electrum,,,,Sandworm,,,,,,,,,,,,,,,,,,,,Telebots,,,,,,,,,,,,,,,,,,,,,,,,,,,,,,,,,Quedagh,,,,,,,,,,,,,,,,,,,,,,,UAC-0113,,,,,
Scarlet Mimic,High,APT,China,,,,,,G0029,,,,,,,,,,,,,,,,,,,,,,,,,,,,,,,,,,,,,,,,,,,,,Golfing Taurus,,,,,,,,,,,,,,,,,,,,,,,,,,,,,,,,,,,,,,,,,,,,,,,,
Sea Turtle,Mid,APT,Turkey,,,,,,,,,,,,Teal Kurma,,,,,,,,,,,,,,,,,,,,,,,,,,,,,,,,,Sea Turtle,,,,,,,,,,,,,,,,,,,,,,,,,,,,,,,,,,,,,,,,,,,,,,,,,,,,,,
The Shadow Brokers,Mid,Hacktivists,United States of America,,,,,,,,,,,,,,,,,,,,,,,,,,,,,,,,,,,,,,,,,,,,,,,,,,,,,,,,,,,,,,,,,,,,,,,,,,,,,,,,,,,,,,,,,,,,,,,,,,,
SideWinder,High,APT,India,,,SideWinder,Razor Tiger,,G0121,,,,,,Orange Chandi,,,,T-APT-04/Rattlesnake ,APT-C-17,,,,,,,,,,,,,,,,,,,,,,,,,,,,,,,,,,,,,,,,,,,,,,,,,,,,,,,,,,,,,,,,,,,,,,,,,,,,,,,,,,
Silence,High,Organized Crime,Russia,Temp.TruthTeller,,Silence,Whisper Spider,,G0091,,,,,,White Jackalope,ATK86,,,,,,,,,,,,,,,,,,,,,,,,,,,,,,,,,,,,,,,,,,,,,,,,,,,,,,,,,,,Contract Crew,TAG-CR8,,,,,,,,,,,,,,,,,,,,,,,,,,
Sima,Mid,APT,Iran,,,,,,,,,,,,,,,,,,,,,,,,,,,,,,,,,,,,,,,,,,,,,,,,,,,,,,,,,,,,,,,,,,,,,,,,,,,,,,,,,,,,,,,,,,,,,,,,,,,
Slingshot,Mid,APT,Unknown,,,Slingshot,,,,,,,,,,,,,,,,,,,,,,,,,,,,,,,,,,,,,,,,,,,,,,,,,,,,,,,,,,,,,,,,,,,,,,,,,,,,,,,,,,,,,,,,,,,,,,,,
Snake Wine,High,APT,China,,,,,,,,,,,,,,,,,,,,,,,,,,,,,,,,,,,,,,,,,,,,,,,Snake Wine,,,,,,,,,,,,,,,,,,,,,,,,,,,,,,,,,,,,,,,,,,,,,,,,,,,,
Snowglobe,High,APT,France,,,Animal Farm,,,,,,,,,,ATK8,,,,,,,,,,,,,,,,,,,,,,,,,,,,,,,,,,,,Snowglobe,,,,,,,,,,,,,,,,,,,,,,,,,,,,,,,,,,,,,,SIG20,,,,,,,,,,,,
Sowbug,Mid,APT,Unknown,,,,,,G0054,,,,,,,,,Sowbug,,,,,,,,,,,,,,,,,,,,,,,,,,,,,,,,,,,,,,,,,,,,,,,,,,,,,,,,,,,,,,,,,,,,,,,,,,,,,,,,,,,,
APT-C-15,Mid,APT,Unknown,,,,,,,,,,,,,,,,,Sphinx,,,,,,,,,,,,,,,,,,,,,,,,,,,,,,,,,,,,,,,,,,,,,,,,,,,,,,,,,,,,,,,,,,,,,,,,,,,,,,,,,,
Taidoor,Mid,APT,China,,,,,,,,,,,,,,,,,,Earth Aughisky,,,,,,,,,,,,,,,,,,,,,,,,,,,,,,,,,,,,,,,,,,,,,,,,,,,,,,,,,,,,,,,,,,,,,,,,,,,,,,,,,
FruityArmor,High,APT,United Arab Emirates,,,FruityArmor,,,G0038,,,,,,,,,,,,,,,,,,,,,,,,,,,,,,,,,,,,,,,,,,,,,,,,,,,,,,,,,,,,,,,,,,,,,,,,Stealth Falcon,,Project Raven,,,,,,,,,,,,,,,,,,,
Sweed,High,Script Kiddies,Nigeria,,,,,,,,,,,,,,,,,,,,,,,,,,,,,,,,,,,,,,,,,,,,,Sweed,,,,,,,,,,,,,,,,,,,,,,,,,,,,,,,,,,,,,,,,,,,,,,,,,,,,,,
APT-C-27,High,APT,Syria,,,,,,,,,,,,,ATK80,,,,Goldmouse,,,,,,,,,,,,,,,,,,,,,,,,,,,,,,,,,,,,,,,,,,,,,,,,,,,,,,,,,,,,,,,,,,,,,,,,,,,,,,,,,,
APT-C-37,High,APT,Syria,,,,Deadeye Jackal,,,,,,,,,ATK132,,,,Pat Bear,,,,,,,,,,,,,,,,,,,,,,,,,,,,,,,,,,,,,,,,,,,,,,,,,,,,,,,,,,,,,,,,,,,,,,,,,,,,,,,,,,
TA2552,Mid,Organized Crime,Unknown,,TA2552,,,,,,,Bronze Spring,,,,,,,,,,,,,,,,,,,,,,,,,,,,,,,,,,,,,,,,,,,,,,,,,,,,,,,,,,,,,,,,,,,,,,,,,,,,,,,,,,,,,,,,,,
TaskMasters,High,APT,China,,,TaskMasters,,,,,,,,,,,,,,,,,,,,,,,,,,,,,,,,,,,,,,,,,,,,,,,,,,,,,,,,,,,TaskMasters,,,,,,,,,,,,,,,,,,,,,,,,,,,,,,,,,,,,,
TeamSpy Crew,High,APT,Russia,,,TeamSpy Crew,,,,,,Iron Lyric,,,,,,,,,,,,,,,,,,,,,,,,,,,,,,,,,,,,,,,,,,,,,,,,,,,,,,,,,,,,,,,,,,,,,,,,,,,,,,SIG39,,,,,,,,,,,,
Temper Panda,High,APT,China,admin@338,,Team338,Temper Panda ,Magnesium,G0018,,,Bronze Vapor,,,,,,,,,,,,,,,,,,,,,,,,,,,,,,,,,,,,,,,,,,,,,,,,,,,,,,,,,,,,,,,,,,,,,,,,,,,,,,,,,,,,,,,,,,
Tempting Cedar Spyware,Unknown,APT,Lebanon,,,,,,,,,,,,,,,,,,,,,,,,,,,,,,,,,,,,,,,,,,,,,,,,,,,,,,,,,,Tempting Cedar Spyware,,,,,,,,,,,,,,,,,,,,,,,,,,,,,,,,,,,,,,,,,
TRITON Group,High,APT,Russia,Temp.Veles,,,,,G0088,,,,,,,ATK91,Xenotime,,,,,,,,,,,,,,,,,,,,,,,,,,,,,,,,,,,,,,,,,,,,,,,,,,,,,,,,,,,,,,,,,,,,,,,,,,,,,,,,,,,,,
Terbium,High,APT,Iran,,,Shamoon,,Terbium,,,,,,,,,,,,,,,,,,,,,,,,,,,,,,,,,,,,,,,,,,,,,,Disttrack,,,,,,,,,,,,,,,,,,,,,,,,,,,,,,,,,,,,,,,,,,,,,,,,
Turla,High,APT,Russia,,,Turla,Venomous Bear,Krypton,G0010,ITG12,,Iron Hunter,CTG-8875,,Blue Python,ATK13,,Waterbug,,,,,,,,,,,,,,,,,,,,,,Pacifier APT,Makersmark,,,,,,,Group88,,,,,,,,,,,,,,,,,,,,,,,,,,,,,,,,,,,,,,,,,,SIG2/SIG15/SIG23,,,,,,,,,,,,
Vendetta,Mid,APT,Turkey,,TA2719,,,,,,,,,,,,,,,Vendetta,,,,,,,,,,,,,,,,,,,,,,,,,,,,,,,,,,,,,,,,,,,,,,,,,,,,,,,,,,,,,,,,,,,,,,,,,,,,,,,,,,
Volatile Cedar,High,APT,Lebanon,,,DeftTorero,,,G0123,,,,,,,,,,,,,Volatile Cedar,,,,,,,,,,,,,,,,,,,,,,,,,,,,,,,,,,,,,,,,,,,,,,,,,,,,,,,,,,,,,,,,,,,,,,,,,,,,,,,,
Wassonite,Mid,APT,North Korea,,,,,,,,,,,,,,Wassonite,,,,,,,,,,,,,,,,,,,,,,,,,,,,,,,,,,,,,,,,,,,,,,,,,,,,,,,,,,,,,,,,,,,,,,,,,,,,,,,,,,,,,
Whitefly,High,APT,Unknown,Temp.Mimic,,,,,G0107/G0103,,,Bronze Walker,CTG-2810,,,ATK83,,Whitefly,,,,,,,Mofang,,,,,,,,,,,,,,SectorM04,,,,,,,,,,,,,,,,,,,,,,,,,,,,,,,,,,,,,,,,,,,,,,,,,,,,,,,,,,,,,,,
Morpho,High,APT,Unknown,,,Wild Neutron,,,,,,,,,,,,Butterfly,,,,,,,,,,,,,,,,,,,,,,,,,,,,Sphinx Moth,,,The Postal Group,,,,,,,,,,,,,,,,,,,,,,,,,,,,,,,,,,,,,,,,,,,,,,,,,,,,,
WildPressure,Mid,APT,Unknown,,,WildPressure,,,,,,,,,,,,,,,,,,,,,,,,,,,,,,,,,,,,,,,,,,,,,,,,,,,,,,,,,,,,,,,,,,,,,,,,,,,,,,,,,,,,,,,,,,,,,,,,
WIRTE,High,APT,Unknown,,,,,,G0090,,,,,,,,,,,,,,,,,,,,,,,,,,,,WIRTE,,,,,,,,,,,,,,,,,,,,,,,,,,,,,,,,,,,,,,,,,,,,,,,,,,,,,,,,,,,,,,,,,
XDSpy,High,APT,Unknown,,,,,,,,,,,,,,,,,,,,,,,,,,,,,,,,,,,,,,XDSpy,,,,,,,,,,,,,,,,,,,,,,,,,,,,,,,,,,,,,,,,,,,,,,,,,,,,,,,,UAC-0033,,,,,
xHunt,High,APT,Iran,,,,,,,Hive0081,,Cobalt Katana,,,,,,,,,,,,,,,,,,,,,,,,,,,SectorD01,,,,,,,,,,,,,,,Hunter Serpens,,,,,,,,,,,,,,,,,,,,,,,,,,,,,,,,,,,,,,,,,,,,,,,,
APT-C-38,High,APT,Unknown,,,ZooPark,,,,,,Cobalt Juno,TG-2884,,,ATK112,,,,APT-C-38,,,,,,,,,,,,,,,,,,,,,,,,,,,,,,,,,,,,,,,,,,,,,,,,,,,,,,,,,,,,,,,,,,,,,,,,,,,,,,,,,,
MosaicRegressor,High,APT,Unknown,,,MosaicRegressor,,,,,,,,,,,,,,,,,,,,,,,,,,,,,,,,,,,,,,,,,,,,,,,,,,,,,,,,,,,,,,,,,,,,,,,,,,,,,,,,,,,,,,,,,,,,,,,,
Achilles,Mid,Organized Crime,Unknown,,,,,,,,,,,,,,,,,,,,,,,,,,,,,,,Achilles,,,,,,,,,,,,,,,,,,,,,,,,,,,,,,,,,,,,,,,,,,,,,,,,,,,,,,,,,,,,,,,,,,,,
Andromeda Spider,High,Organized Crime,Belarus,,,,Andromeda Spider,,,,,,,,,,,,,,,,,,,,,,,,,,,,,,,,,,,,,,,,,,,,,,,,,,,,,,,,,,,,,,,,,,,,,,,,,,,,,,,,,,,,,,,,,,,,,,,
Avalanche,High,Organized Crime,Russia,,,,,,,,,,,,,,,,,,,,,,,,,,,,,,,,,Avalanche,,,,,,,,,,,,,,,,,,,,,,,,,,,,,,,,,,,,,,,,,,,,,,,,,,,,,,,,,,,,,,,,,,
Boson Spider,High,Organized Crime,Unknown,,,,Boson Spider,,,,,,,,,,,,,,,,,,,,,,,,,,,,,,,,,,,,,,,,,,,,,,,,,,,,,,,,,,,,,,,,,,,,,,,,,,,,,,,,,,,,,,,,,,,,,,,
Boss Spider,High,Organized Crime,Iran,,,,Boss Spider,,,,,Gold Lowell ,CTG-0007,,,,,,,,,,,,,,,,,,,,,,,,,,,,,,,,,,,,,,,,,,,,,,,,,,,,,,,,,,,,,,,,,,,,,,,,,,,,,,,,,,,,,,,,,
Cron,Mid,Organized Crime,Russia,,,,,,,,,,,Cron,,,,,,,,,,,,,,,,,,,,,,,,,,,,,,,,,,,,,,,,,,,,,,,,,,,,,,,,,,,,,,,,,,,,,,,,,,,,,,,,,,,,,,,,
Fraternal Jackal,High,Hacktivists,Iran,,,,Fraternal Jackal,,,,,,,,,,,,,,,,,,,,,,,,,,,,,,,,,,,,,,,,,,,,,,,,,,,,,,,,,,,,,,,,,,,,,,,,,,,,,,,,,,,,,,,,,,,,,,,
Dark Basin,High,Organized Crime,India,,,,,,,,,,,,,,,,,,,,,,,,,,,,,,,,,,,,,,,,,,,,,,,,,,,,,,,,,,,,,,,,,,,,,,,,,,,,,,Dark Basin,Mercenary.Amanda,,,,,,,,,,,,,,,,,,,,
Doppel Spider,High,Organized Crime,Russia,,,,Doppel Spider,,,,,,,,,,,,,,,,,,,,,,,,,,,,,,,,,,,,,,,,,,,,,,,,,,,,,,,,,,,,,,,,,,,,,,,,,,,,,,,,,,,,,,,,,,,,,,,
Dungeon Spider,High,Organized Crime,Russia,,,,Dungeon Spider,,,,,,,,,,,,,,,,,,,,,,,,,,,,,,,,,,,,,,,,,,,,,,,,,,,,,,,,,,,,,,,,,,,,,,,,,,,,,,,,,,,,,,,,,,,,,,,
Fxmsp,High,Organized Crime,Kazakhstan,,,,,,,,,,,,,ATK134,,,,,,,,,,,,,,,,,,,,,,,,,,,,,,,,,,,,,,,,,,,,,,,,,,,,,,,,,,,,TAG-CR17,,,,,,,,,,,,,,,,,,,,,,,,,,
Gnosticplayers,High,Organized Crime,Pakistan,,,,,,,,,,,,,,,,,,,,,,,,,,,,,,,,,,,,,,,,,,,,,,,,,,,,,,,,,,,,,,,,,,,,,,,,,,,,,,,,,,,,,,,,,,,,,,,,,,,
Guru Spider,Mid,Organized Crime,Russia,,,,Guru Spider,,,,,,,,,,,,,,,,,,,,,,,,,,,,,,,,,,,,,,,,,,,,,,,,,,,,,,,,,,,,,,,,,,,,,,,,,,,,,,,,,,,,,,,,,,,,,,,
Hacking Team,High,Organized Crime,Italy,,,,,,,,,,,,,,,,,,,,,,,,,,,,,,,,,,,,,,,,,,,,,,,,,,,,,,,,,,,,,,,,,,,,,,,,,,,,,,,,,,,,,,,,,,,,,,,,,,,
Infraud Organization,Mid,Organized Crime,Unknown,,,,,,,,,,,,,,,,,,,,,,,,,,,,,,,,,,,,,,,,,,,,,,,,,,,,,,,,,,,,,,,,,,,,,,,,,,,,,,,,,,,,,,,,,,,,,,,,,,,
Lunar Spider,High,Organized Crime,Russia,,,,Lunar Spider,,,,,Gold Swathmore,,,,,,,,,,,,,,,,,,,,,,,,,,,,,,,,,,,,,,,,,,,,,,,,,,,,,,,,,,,,,,,,,,,,,,,,,,,,,,,,,,,,,,,,,,
Monty Spider,Unknown,Organized Crime,Russia,,,,Monty Spider,,,,,,,,,,,,,,,,,,,,,,,,,,,,,,,,,,,,,,,,,,,,,,,,,,,,,,,,,,,,,,,,,,,,,,,,,,,,,,,,,,,,,,,,,,,,,,,
OldGremlin,Mid,Organized Crime,Russia,,,,,,,,,,,OldGremlin,,,,,,,,,,,,,,,,,,,,,,,,,,,,,,,,,,,,,,,,,,,,,,,,,,,,,,,,,,,,,,,,,,,,,,,,,,,,,,,,,,,,,,,,
OurMine,High,Organized Crime,Saudi Arabia,,,,,,,,,,,,,ATK128,,,,,,,,,,,,,,,,,,,,,,,,,,,,,,,,,,,,,,,,,,,,,,,,,,,,,,,,,,,,,,,,,,,,,,,,,,,,,,,,,,,,,,
Windigo,High,Organized Crime,Russia,,,,,,G0124,,,,,,,,,,,,,,,,,,,,,,,,,,,,,,,,Windigo,,,,,,,,,,,,,,,,,,,,,,,,,,,,,,,,,,,,,,,,,,,,,,,,,,,,,,,,,,,,,
Pacha Group,Mid,Organized Crime,China,,,,,,,,,,,,,,,,,,,,,,,,,,,,,,,,,,,,,,,,Pacha Group,,,,,,,,,,,,,,,,,,,,,,,,,,,,,,,,,,,,,,,,,,,,,,,,,,,,,,,,,,,
Parinacota,High,Organized Crime,Unknown,,,,,Parinacota,,,,,,,,,,,,,,,,,,,,,,,,,,,,,,,,,,,,,,,,,,,,,,,,,,,,,,,,,,,,,,,,,,,,,,,,,,,,,,,,,,,,,,,,,,,,,,
Pinchy Spider,High,Organized Crime,Russia,,,,Pinchy Spider,,G0115,,,Gold Southfield/Gold Garden,,,White Ursia,,,,,,,,,,,,,,,,,,,,,,,,,,,,,,,,,ATK168,,,,,,,,,,,,,,,,,,,,,,,,,,,,,,,,,,,,,,,,,,,,,,,,,,,,,,
Retefe Gang,Mid,Organized Crime,Russia,,,,,,,,,,,,,,,,,,Operation Emmental,,,,,,,,,,,,,,,,,,,,,,,,Retefe Gang,,,,,,,,,,,,,,,,,,,,,,,,,,,,,,,,,,,,,,,,,,,,,,,,,,,,,,,,,
Roaming Mantis,High,Organized Crime,Unknown,,,Roaming Mantis,,,,,,,,,,,,,,,,,,,,,,,,,,,,,,,,,,,,,,,,,,,,,,,,,,,,,,,,,,,,,,,,,,,,,,,,,,,,,,,,,,,,,,,,,,,,,,,,
Iron Group,High,Organized Crime,China,,,,,,G0106,,,,,,,,,,,,,,,,,,,,,,,,,,,,,,,,,,Iron Group,,,,,Rocke,,,,,,Aged Libra,,,,,,,,,,,,,,,,,,,,,,,,,,,,,,,,,,,,,,,,,,,,,,,,
Salty Spider,High,Organized Crime,Russia,,,,Salty Spider,,,,,,,,,,,,,,,,,,,,,,,,,,,,,,,,,,,,,,,,,,,,,,,,,,,,,,,,,,,,,,,,,,,,,,,,,,,,,,,,,,,,,,,,,,,,,,,
ShinyHunters,High,Organized Crime,Unknown,,,,,,,,,,,,White Dev 100,,,,,,,,,,,,,,,,,,,,,,,,,,,,,,,,,,,,,,,,,,,,,,,,,,,,,,,,,,,,,,,,,,,,,,,,,,,,,,,,,,,,,,,
Shark Spider,High,Organized Crime,Russia,,,,Shark Spider,,,,,,,,,,,,,,,,,,,,,,,,,,,,,,,,,,,,,,,,,,,,,,,,,,,,,,,,,,,,,,,,,,,,,,,,,,,,,,,,,,,,,,,,,,,,,,,
Smoky Spider,High,Organized Crime,Unknown,,,,Smoky Spider,,,,,,,,,,,,,,,,,,,,,,,,,,,,,,,,,,,,,,,,,,,,,,,,,,,,,,,,,,,,,,,,,,,,,,,,,,,,,,,,,,,,,,,,,,,,,,,
Tiny Spider,High,Organized Crime,Unknown,,,,Tiny Spider,,,,,,,,,,,,,,,,,,,,,,,,,,,,,,,,,,,,,,,,,,,,,,,,,,,,,,,,,,,,,,,,,,,,,,,,,,,,,,,,,,,,,,,,,,,,,,,
Venom Spider,High,Organized Crime,Russia,,,,Venom Spider,,,,,,,,,,,,,,,,,,,,Golden Chickens,,,,,,,,,,,,,,,,,,,,,,,,,,,,,,,,,,,,,,,,,,,,,,,,,,,,,,,,,,,,,,,,,,,,,,,,,,,
Wizard Spider,High,Organized Crime,Russia,UNC1878/Temp.MixMaster,,,Grim Spider,DEV-0193,G0102,ITG23,,Gold Blackburn,,,White Magician,,,,,,,,,,,,,,,,,,,,,,,,,,,,,,,,,,,,,,,,,,,,,,,,,,,,,,,,,,,,,,,,,,,,,,,,,,,,,,,,,,,,,,,
Yingmob,High,Organized Crime,China,,,,,,,,,,,,,,,,,,,,,,,,,,,,,,,,,,,,,,,,,,,,,,,,,,,,,,,,,,,,,,,,,,,,,,,,,,,,,,,,,,,,,,,,,,,,,,,,,,,
Zombie Spider,High,Organized Crime,Russia,,,,Zombie Spider,,,,,,,,,,,,,,,,,,,,,,,,,,,,,,,,,,,,,,,,,,,,,,,,,,,,,,,,,,,,,,,,,,,,,,,,,,,,,,,,,,,,,,,,,,,,,,,
Clockwork Spider,Unknown,Organized Crime,Unknown,,,,Clockwork Spider,,,,,,,,,,,,,,,,,,,,,,,,,,,,,,,,,,,,,,,,,,,,,,,,,,,,,,,,,,,,,,,,,,,,,,,,,,,,,,,,,,,,,,,,,,,,,,,
Big Panda,Unknown,APT,China,,,,Big Panda,,,,,,,,,,,,,,,,,,,,,,,,,,,,,,,,,,,,,,,,,,,,,,,,,,,,,,,,,,,,,,,,,,,,,,,,,,,,,,,,,,,,,,,,,,,,,,,
Boulder Bear,Unknown,APT,Russia,,,,Boulder Bear,,,,,,,,,,,,,,,,,,,,,,,,,,,,,,,,,,,,,,,,,,,,,,,,,,,,,,,,,,,,,,,,,,,,,,,,,,,,,,,,,,,,,,,,,,,,,,,
Corsair Jackal,Low,Hacktivists,Tunisia,,,,Corsair Jackal,,,,,,,,,,,,,,,,,,,,,,,,,,,,,,,,,,,,,,,,,,,,,,,,,,,,,,,,,,,,,,,,,,,,,,,,,,,,TunisianCyberArmy,,,,,,,,,,,,,,,,,,,
Dextorous Spider,Unknown,Organized Crime,Unknown,,,,Dextorous Spider,,,,,,,,,,,,,,,,,,,,,,,,,,,,,,,,,,,,,,,,,,,,,,,,,,,,,,,,,,,,,,,,,,,,,,,,,,,,,,,,,,,,,,,,,,,,,,,
Dizzy Panda,Unknown,APT,China,,,,Dizzy Panda,,,,,,,,,,,,,,,,,,,,,,,,,,,,,,,,,,,,,,,,,,,,,,,,,,,,,,,,,,,,,,,,,,,,,,,,,,,,,,,,,,,,,,,,,,,,,,,
Electric Panda,Low,APT,China,,,,Electric Panda,,,,,,,,,,,,,,,,,,,,,,,,,,,,,,,,,,,,,,,,,,,,,,,,,,,,,,,,,,,,,,,,,,,,,,,,,,,,,,,,,,,,,,,,,,,,,,,
Eloquent Panda,Unknown,APT,China,,,,Eloquent Panda,,,,,,,,,,,,,,,,,,,,,,,,,,,,,,,,,,,,,,,,,,,,,,,,,,,,,,,,,,,,,,,,,,,,,,,,,,,,,,,,,,,,,,,,,,,,,,,
Flyfox,Unknown,APT,Unknown,,,Flyfox,,,,,,,,,,,,,,,,,,,,,,,,,,,,,,,,,,,,,,,,,,,,,,,,,,,,,,,,,,,,,,,,,,,,,,,,,,,,,,,,,,,,,,,,,,,,,,,,
Foxy Panda,Unknown,APT,China,,,,Foxy Panda,,,,,,,,,,,,,,,,,,,,,,,,,,,,,,,,,,,,,,,,,,,,,,,,,,,,,,,,,,,,,,,,,,,,,,,,,,,,,,,,,,,,,,,,,,,,,,,
Ghost Jackal,Unknown,Hacktivists,Unknown,,,,Ghost Jackal,,,,,,,,,,,,,,,,,,,,,,,,,,,,,,,,,,,,,,,,,,,,,,,,,,,,,,,,,,,,,,,,,,,,,,,,,,,,,,,,,,,,,,,,,,,,,,,
Gibberish Panda,Unknown,APT,China,,,,Gibberish Panda,,,,,,,,,,,,,,,,,,,,,,,,,,,,,,,,,,,,,,,,,,,,,,,,,,,,,,,,,,,,,,,,,,,,,,,,,,,,,,,,,,,,,,,,,,,,,,,
HolyWater,Mid,APT,Unknown,,,HolyWater,,,,,,,,,,,,,,,,,,,,,,,,,,,,,,,,,,,,,,,,,,,,,,,,,,,,,,,,,,,,,,,,,,,,,,,,,,,,,,,,,,,,,,,,,,,,,,,,
Impersonating Panda,Unknown,APT,China,,,,Impersonating Panda,,,,,,,,,,,,,,,,,,,,,,,,,,,,,,,,,,,,,,,,,,,,,,,,,,,,,,,,,,,,,,,,,,,,,,,,,,,,,,,,,,,,,,,,,,,,,,,
Magic Kitten,Mid,APT,Iran,,,,Magic Kitten,,,,,,,,,,,,,,,,,,,,,,,,,,,,,,,,,,,,,,,,,Group42,,,,,,,,,,,,,,,,,,,,,,,,,,,,,,,,,,,,,,,,,,,,,,,,,,,,,,
Magnetic Spider,Unknown,Organized Crime,Russia,,,,Magnetic Spider,,,,,,,,,,,,,,,,,,,,,,,,,,,,,,,,,,,,,,,,,,,,,,,,,,,,,,,,,,,,,,,,,,,,,,,,,,,,,,,,,,,,,,,,,,,,,,,
Nickel,Unknown,Unknown,Unknown,,,,,Nickel,,,,,,,,,,,,,,,,,,,,,,,,,,,,,,,,,,,,,,,,,,,,,,,,,,,,,,,,,,,,,,,,,,,,,,,,,,,,,,,,,,,,,,,,,,,,,,
Red Foxtrot,Mid,APT,China,,,,Nomad Panda,,,,,,,,,,,,,,,,RedFoxtrot,,,,,,,,,,,,,,,,,,,,,,,,,,,,,,,,,,,,,,,,,,,,,,,,,,,,,,,,,,,,,,,,,,,,,,,,,,,,,,,
Overlord Spider,Mid,Organized Crime,Russia,,,,Overlord Spider,,,,,,,,,,,,,,,,,,,,,,,,,,,,,,,,,,,,,,,,,,,,,,,,,,,,,,,,,,,,,,,,,,,,,,,,,,,,,,,,,,,,,,,,,,,,,,,
Pale Panda,Unknown,APT,China,,,,Pale Panda,,,,,,,,,,,,,,,,,,,,,,,,,,,,,,,,,,,,,,,,,,,,,,,,,,,,,,,,,,,,,,,,,,,,,,,,,,,,,,,,,,,,,,,,,,,,,,,
ParkingBear,Unknown,APT,Russia,,,,ParkingBear,,,,,,,,,,,,,,,,,,,,,,,,,,,,,,,,,,,,,,,,,,,,,,,,,,,,,,,,,,,,,,,,,,,,,,,,,,,,,,,,,,,,,,,,,,,,,,,
Poisonous Panda,Unknown,APT,China,,,,Poisonous Panda,,,,,,,,,,,,,,,,,,,,,,,,,,,,,,,,,,,,,,,,,,,,,,,,,,,,,,,,,,,,,,,,,,,,,,,,,,,,,,,,,,,,,,,,,,,,,,,
Predator Panda,Unknown,APT,China,,,,Predator Panda,,,,,,,,,,,,,,,,,,,,,,,,,,,,,,,,,,,,,,,,,,,,,,,,,,,,,,,,,,,,,,,,,,,,,,,,,,,,,,,,,,,,,,,,,,,,,,,
Sabre Panda,Unknown,APT,China,,,,Sabre Panda,,,,,,,,,,,,,,,,,,,,,,,,,,,,,,,,,,,,,,,,,,,,,,,,,,,,,,,,,,,,,,,,,,,,,,,,,,,,,,,,,,,,,,,,,,,,,,,
Singing Spider,Unknown,Organized Crime,Unknown,,,,Singing Spider,,,,,,,,,,,,,,,,,,,,,,,,,,,,,,,,,,,,,,,,,,,,,,,,,,,,,,,,,,,,,,,,,,,,,,,,,,,,,,,,,,,,,,,,,,,,,,,
Spicy Panda,Unknown,APT,China,,,,Spicy Panda,,,,,,,,,,,,,,,,,,,,,,,,,,,,,,,,,,,,,,,,,,,,,,,,,,,,,,,,,,,,,,,,,,,,,,,,,,,,,,,,,,,,,,,,,,,,,,,
Test Panda,Unknown,APT,China,,,,Test Panda,,,,,,,,,,,,,,,,,,,,,,,,,,,,,,,,,,,,,,,,,,,,,,,,,,,,,,,,,,,,,,,,,,,,,,,,,,,,,,,,,,,,,,,,,,,,,,,
Toxic Panda,Unknown,APT,China,,,,Toxic Panda,,,,,,,,,,,,,,,,,,,,,,,,,,,,,,,,,,,,,,,,,,,,,,,,,,,,,,,,,,,,,,,,,,,,,,,,,,,,,,,,,,,,,,,,,,,,,,,
Union Panda,Unknown,APT,China,,,,Union Panda,,,,,,,,,,,,,,,,,,,,,,,,,,,,,,,,,,,,,,,,,,,,,,,,,,,,,,,,,,,,,,,,,,,,,,,,,,,,,,,,,,,,,,,,,,,,,,,
Union Spider,Unknown,Organized Crime,Russia,,,,Union Spider,,,,,,,,,,,,,,,,,,,,,,,,,,,,,,,,,,,,,,,,,,,,,,,,,,,,,,,,,,,,,,,,,,,,,,,,,,,,,,,,,,,,,,,,,,,,,,,
Viking Jackal,Unknown,Hacktivists,United Arab Emirates,,,,Viking Jackal,,,,,,,,,,,,,,,,,,,,,,,,,,,,,,,,,,,,,,,,,,,,,,,,,,,,,,,,,,,,,,,,,,,,,,,,,,,,,,,,,,,,,,,,,,,,,,,
Wet Panda,Unknown,APT,China,,,,Wet Panda,,,,,,,,,,,,,,,,,,,,,,,,,,,,,,,,,,,,,,,,,,,,,,,,,,,,,,,,,,,,,,,,,,,,,,,,,,,,,,,,,,,,,,,,,,,,,,,
OnionDog,High,APT,South Korea,,,,,,,,,,,,,,,,,APT-C-03,,,,,,,,,,,,,,,,,,,,,,,,,,,,,,,,,,,,,,,,,,,,,,,,,,,,,,,,,,,,,,,,,,,,,,,,,,,,,,,,,,
Jiin,High,Organized Crime,France,,,,,,,,,,,,,ATK126,,,,,,,,,,,,,,,,,,,,,,,,,,,,,,,,,,,,,,,,,,,,,,,,,,,,,,,,,,,,,,,,,,,,,,,,,,,,,,,,,,,,,,
KelvinSec Team,High,Organized Crime,Multiple,,,,,,,,,,,,,ATK140,,,,,,,,,,,,,,,,,,,,,,,,,,,,,,,,,,,,,,,,,,,,,,,,,,,,,,,,,,,,,,,,,,,,,,,,,,,,,,,,,,,,,,
Cyber Caliphate Army,High,Cyber Terrorists,Worldwide,,,,,,,,,,,,,ATK133,,,,,,,,,,,,,,,,,,,,,,,,,,,,,,,,,,,,,,,,,,,,,,,,,,,,,,,,,,,,,,,,,,,,,,,,,,,,,,,,,,,,,,
Pryzraky Group,High,Hacktivists,Brazil,,,,,,,,,,,,,ATK142,,,,,,,,,,,,,,,,,,,,,,,,,,,,,,,,,,,,,,,,,,,,,,,,,,,,,,,,,,,,,,,,,,,,,,,,,,,,,,,,,,,,,,
Anon Italia,High,Hacktivists,Italy,,,,,,,,,,,,,ATK123,,,,,,,,,,,,,,,,,,,,,,,,,,,,,,,,,,,,,,,,,,,,,,,,,,,,,,,,,,,,,,,,,,,,,,,,,,,,,,,,,,,,,,
Demonsad,High,Hacktivists,Brazil,,,,,,,,,,,,,ATK127,,,,,,,,,,,,,,,,,,,,,,,,,,,,,,,,,,,,,,,,,,,,,,,,,,,,,,,,,,,,,,,,,,,,,,,,,,,,,,,,,,,,,,
Newsec Group,High,Hacktivists,Brazil,,,,,,,,,,,,,ATK137,,,,,,,,,,,,,,,,,,,,,,,,,,,,,,,,,,,,,,,,,,,,,,,,,,,,,,,,,,,,,,,,,,,,,,,,,,,,,,,,,,,,,,
Pinoy LulzSec,High,Hacktivists,Philippines,,,,,,,,,,,,,ATK129,,,,,,,,,,,,,,,,,,,,,,,,,,,,,,,,,,,,,,,,,,,,,,,,,,,,,,,,,,,,,,,,,,,,,,,,,,,,,,,,,,,,,,
The Dark Overlord,High,Organized Crime,Multiple,,,,,,,,,,,,,ATK73,,,,,,,,,,,,,,,,,,,,,,,,,,,,,,,,,,,,,,,,,,,,,,,,,,,,,,,,,,,,TAG-CR4,,,,,,,,,,,,,,,,,,,,,,,,,,
Blue Dragon,High,Hacktivists,Russia,,,,,,,,,,,,,ATK125,,,,,,,,,,,,,,,,,,,,,,,,,,,,,,,,,,,,,,,,,,,,,,,,,,,,,,,,,,,,,,,,,,,,,,,,,,,,,,,,,,,,,,
Sprek3rsSec,High,Hacktivists,Brazil,,,,,,,,,,,,,ATK136,,,,,,,,,,,,,,,,,,,,,,,,,,,,,,,,,,,,,,,,,,,,,,,,,,,,,,,,,,,,,,,,,,,,,,,,,,,,,,,,,,,,,,
Ghost Squad Hackers,High,Hacktivists,Worldwide,,,,,,,,,,,,,ATK135,,,,,,,,,,,,,,,,,,,,,,,,,,,,,,,,,,,,,,,,,,,,,,,,,,,,,,,,,,,,,,,,,,,,,,,,,,,,,,,,,,,,,,
Lorian Synaro,High,Hacktivists,Unknown,,,,,,,,,,,,,ATK141,,,,,,,,,,,,,,,,,,,,,,,,,,,,,,,,,,,,,,,,,,,,,,,,,,,,,,,,,,,,,,,,,,,,,,,,,,,,,,,,,,,,,,
LulzSec Italia,High,Hacktivists,Italy,,,,,,,,,,,,,ATK143,,,,,,,,,,,,,,,,,,,,,,,,,,,,,,,,,,,,,,,,,,,,,,,,,,,,,,,,,,,,,,,,,,,,,,,,,,,,,,,,,,,,,,
Habil Moonz,High,Hacktivists,Indonesia,,,,,,,,,,,,,ATK138,,,,,,,,,,,,,,,,,,,,,,,,,,,,,,,,,,,,,,,,,,,,,,,,,,,,,,,,,,,,,,,,,,,,,,,,,,,,,,,,,,,,,,
Anonymous Argentina,High,Hacktivists,Argentina,,,,,,,,,,,,,ATK122,,,,,,,,,,,,,,,,,,,,,,,,,,,,,,,,,,,,,,,,,,,,,,,,,,,,,,,,,,,,,,,,,,,,,,,,,,,,,,,,,,,,,,
Rebel Jackal,High,Hacktivists,Tunisia,,,,Rebel Jackal,,,,,,,,,ATK130,,,,,,,,,,,,,,,,,,,,,,,,,,,,,,,,,,,,,,,,,,,,,,,,,,,,,,,,,,,,,,,,,,,,,,,,,,,,,,,,,,,,,,
Russiansec,High,Hacktivists,Russia,,,,,,,,,,,,,ATK131,,,,,,,,,,,,,,,,,,,,,,,,,,,,,,,,,,,,,,,,,,,,,,,,,,,,,,,,,,,,,,,,,,,,,,,,,,,,,,,,,,,,,,
Jtsec,High,Hacktivists,Canada,,,,,,,,,,,,,ATK139,,,,,,,,,,,,,,,,,,,,,,,,,,,,,,,,,,,,,,,,,,,,,,,,,,,,,,,,,,,,,,,,,,,,,,,,,,,,,,,,,,,,,,
CyberGhost404,High,Hacktivists,Philippines,,,,,,,,,,,,,ATK121,,,,,,,,,,,,,,,,,,,,,,,,,,,,,,,,,,,,,,,,,,,,,,,,,,,,,,,,,,,,,,,,,,,,,,,,,,,,,,,,,,,,,,
Chuckling Squad,High,Hacktivists,United States of America,,,,,,,,,,,,,ATK124,,,,,,,,,,,,,,,,,,,,,,,,,,,,,,,,,,,,,,,,,,,,,,,,,,,,,,,,,,,,,,,,,,,,,,,,,,,,,,,,,,,,,,
APT-C-44,Mid,APT,Algeria,,,,,,,,,,,,,,,,,North African Fox,,,,,,,,,,,,,,,,,,,,,,,,,,,,,,,,,,,,,,,,,,,,,,,,,,,,,,,,,,,,,,,,,,,,,,,,,,,,,,,,,,
TeamXRat,High,Organized Crime,Brazil,,,TeamXRat,,,,,,,,,,,,,,,,,,,,,,,,,,,,,,,,,,,,,,,,,,,,,,,,,,,,,,,,,,,,,,,,,,,,,,,,,,,,,,,,,,,,,,,,,,,,,,,,
Dd4bc,Low,Unknown,United States of America,,,,Pizzo Spider,,,,,,,,,,,,,,,,,,,,,,,,,,,,,,,,,,,,,,,,,,,,,,,,,,,,,,,,,,,,,,,,,,,,,,,,,,,,,,,,,,,,,,,,,,,,,,,
Cadelle,High,APT,Iran,,,,,,,,,,,,,,,Cadelle,,,,,,,,,,,,,,,,,,,,,,,,,,,,,,,,,,,,,,,,,,,,,,,,,,,,,,,,,,,,,,,,,,,,,,,,,,,,,,,,,,,,
Sath- Mdafaa,Low,Hacktivists,Turkey,,,,,,,,,,,,,,,,,,,,,,,,,,,,,,,,,,,,,,,,,,,,,,,,,,,,,,,,,,,,,,,,,,,,,,,,,,,,,,,,,,,,,,,,,,,,,,,,,,,
Aslan Neferler Tim,Mid,Hacktivists,Turkey,,,,,,,,,,,,,,,,,,,,,,,,,,,,,,,,,,,,,,,,,,,,,,,,,,,,,,,,,,,,,,,,,,,,,,,,,,,,,,,,,,,,,,,,,,,,,,,,,,,
Ayyldz Tim,Mid,Hacktivists,Turkey,,,,,,,,,,,,,,,,,,,,,,,,,,,,,,,,,,,,,,,,,,,,,,,,,,,,,,,,,,,,,,,,,,,,,,,,,,,,,,,,,,,,,,,,,,,,,,,,,,,
TurkHackTeam,Mid,Hacktivists,Turkey,,,,,,,,,,,,,,,,,,,,,,,,,,,,,,,,,,,,,,,,,,,,,,,,,,,,,,,,,,,,,,,,,,,,,,,,,,,,,,,,,,,,,,,,,,,,,,,,,,,
SilverTerrier,High,Business Email Compromise,Nigeria,,,,,,G0083,,,Gold Galleon,,,Bronze Dev 2,,,,,,,,,,,,,,,,,,,,,,,,,,,,,,,,,,,,,,,SilverTerrier,,,,,,,,,,,,,,,,,,,,,,,,,,,,,,,,,,,,,,,,,,,,,,,,
Skipper Turla,High,APT,Russia,,,White Bear,,,,,,,,,,,,,,,,,,,,,,,,,,,,,,,,,,,,,,,,,,,,,,,,,,,,,,,,,,,,,,,,,,,,,,,,,,,,,,,,,,,,,,,,,,,,,,,,
Attor,Low,APT,Unknown,,,,,,,,,,,,,,,,,,,,,,,,,,,,,,,,,,,,,,Attor,,,,,,,,,,,,,,,,,,,,,,,,,,,,,,,,,,,,,,,,,,,,,,,,,,,,,,,,,,,,,
HenBox,High,APT,China,,,,,,,,,,,,,,,,,,,,,,,,,,,,,,,,,,,,,,,,,,,,,,,,,,,,,,,,,,,,,,,,,,,,,,,,,,,,,,,,,,,,,,,,,,,,,,,,,,,
APT-C-12,High,APT,Unknown,,,,,,,,,,,,,,,,,Sapphire Mushroom/Blue Mushroom,,,,,,,,,,,,,,,,,,,,,,,,,,,,,,,,,,,,,,,,,,,,,,,,,,,,,,,,,,,,,,,,,,,,,,,,,,,,,,,,,,
Budminer,High,APT,China,,,,,,,,,,,,,,,Budminer,,,,,,,,,,,,,,,,,,,,,,,,,,,,,,,,,,,,,,,,,,,,,,,,,,,,,,,,,,,,,,,,,,,,,,,,,,,,,,,,,,,,
GozNym,High,Organized Crime,Multiple,,,,,,,,,,,,,,,,,,,,,,,,,,,,,,,,,,,,,,,,,,,,,GozNym,,,,,,,,,,,,,,,,,,,,,,,,,,,,,,,,,,,,,,,,,,,,,,,,,,,,,,
CostaRicto,High,Organized Crime,Unknown,,,,,,G0132,,,,,,,,,,,,,,,,,,,,,,,,,,,,,,,,,,,,,,,,,,,,,,,,,,,,,,,,,,CostaRicto,,,,,,,,,,,,,,,,,,,,,,,,,,,,,,,,,,,
Gold Blazer,High,Organized Crime,Russia,,,,,,,,,Gold Blazer,,,White Dev 101,,,,,,,,,,,,,,,,,,,,,,,,,,,,,,,,,,,,,,,,,,,,,,,,,,,,,,,,,,,,,,,,,,,,,,,,,,,,,,,,,,,,,,,
Gold Burlap,High,Organized Crime,Russia,,,,,,,,,Gold Burlap,,,White Thalia,,,,,,,,,,,,,,,,,,,,,,,,,,,,,,,,,,,,,,,,,,,,,,,,,,,,,,,,,,,,,,,,,,,,,,,,,,,,,,,,,,,,,,,
Gold Dupont,High,Organized Crime,Unknown,,,,Sprite Spider,,,Hive0091,,Gold Dupont,,,,,,,,,,,,,,,,,,,,,,,,,,,,,,,,,,,,,,,,,,,,,,,,,,,,,,,,,,,,,,,,,,,,,,,,,,,,,,,,,,,,,,,,,,
Gold Espresso,High,Organized Crime,Russia,,,,,,,,,Gold Espresso,,,White Caerus,,,,,,,,,,,,,,,,,,,,,,,,,,,,,,,,,,,,,,,,,,,,,,,,,,,,,,,,,,,,,,,,,,,,,,,,,,,,,,,,,,,,,,,
Gold Fairfax,High,Organized Crime,Unknown,,,,,,,,,Gold Fairfax,,,,,,,,,,,,,,,,,,,,,,,,,,,,,,,,,,,,,,,,,,,,,,,,,,,,,,,,,,,,,,,,,,,,,,,,,,,,,,,,,,,,,,,,,,
Gold Flamingo,High,Organized Crime,Unknown,,,,,,,,,Gold Flamingo,,,,,,,,,,,,,,,,,,,,,,,,,,,,,,,,,,,,,,,,,,Tropical Scorpius,,,,,,,,,,,,,,,,,,,,,,,,,,,,,,,,,,,,,,,,,,,,,,,,
Gold Flanders,Mid,Organized Crime,Unknown,,,,,,,,,Gold Flanders,,,,,,,,,,,,,,,,,,,,,,,,,,,,,,,,,,,,,,,,,,,,,,,,,,,,,,,,,,,,,,,,,,,,,,,,,,,,,,,,,,,,,,,,,,
Gold Hawthorne,High,Organized Crime,Unknown,,,,,,,,,Gold Hawthorne,,,,,,,,,,,,,,,,,,,,,,,,,,,,,,,,,,,,,,,,,,,,,,,,,,,,,,,,,,,,,,,,,,,,,,,,,,,,,,,,,,,,,,,,,,
Gold Heron,High,Organized Crime,Russia,,,,,,,,,Gold Heron,,,Blue Lelantos,,,,,,,,,,,,,,,,,,,,,,,,,,,,,,,,,,,,,,,,,,,,,,,,,,,,,,,,,,,,,,,,,,,,,,,,,,,,,,,,,,,,,,,
Gold Lagoon,Mid,Organized Crime,Unknown,,,,,,,ITG26,,Gold Lagoon,,,White Horoja,,,,,,,,,,,,,,,,,,,,,,,,,,,,,,,,,,,,,,,,,,,,,,,,,,,,,,,,,,,,,,,,,,,,,,,,,,,,,,,,,,,,,,,
Gold Mansard,Mid,Organized Crime,Unknown,,,,,,,,,Gold Mansard,,,,,,,,,,,,,,,,,,,,,,,,,,,,,,,,,,,,,,,,,,,,,,,,,,,,,,,,,,,,,,,,,,,,,,,,,,,,,,,,,,,,,,,,,,
Gold Mystic,High,Organized Crime,Russia,,,,,,,,,Gold Mystic,,,White Janus,,,,,,,,,,,,,,,,,,,,,,,,,,,,,,,,,,,,,,,,,,,,,,,,,,,,,,,,,,,,,,,,,,,,,,,,,,,,,,,,,,,,,,,
Gold Northfield,Mid,Organized Crime,Unknown,,,,,,,,,Gold Northfield,,,,,,,,,,,,,,,,,,,,,,,,,,,,,,,,,,,,,,,,,,,,,,,,,,,,,,,,,,,,,,,,,,,,,,,,,,,,,,,,,,,,,,,,,,
Gold Phantom,High,Organized Crime,Russia,,,,,,,,,Gold Phantom,,,White Samyaza,,,,,,,,,,,,,,,,,,,,,,,,,,,,,,,,,,,,,,,,,,,,,,,,,,,,,,,,,,,,,,,,,,,,,,,,,,,,,,,,,,,,,,,
Gold Riverview,Mid,Organized Crime,Unknown,,,,,,,,,Gold Riverview,,,,,,,,,,,,,,,,,,,,,,,,,,,,,,,,,,,,,,,,,,,,,,,,,,,,,,,,,,,,,,,,,,,,,,,,,,,,,,,,,,,,,,,,,,
Gold Skyline,High,Business Email Compromise,Nigeria,,,,,,,,,Gold Skyline,Wire-Wire Group 1,,Wire-Wire Group 1,,,,,,,,,,,,,,,,,,,,,,,,,,,,,,,,,,,,,,,,,,,,,,,,,,,,,,,,,,,,,,,,,,,,,,,,,,,,,,,,,,,,,,,
Gold Sonata,High,Organized Crime,Russia,,,,,,,,,Gold Sonata,,,White Dev 72,,,,,,,,,,,,,,,,,,,,,,,,,,,,,,,,,,,,,,,,,,,,,,,,,,,,,,,,,,,,,,,,,,,,,,,,,,,,,,,,,,,,,,,
Gold Symphony,High,Organized Crime,Russia,,,,,,,,,Gold Symphony,,,,,,,,,,,,,,,,,,,,,,,,,,,,,,,,,,,,,,,,,,,,,,,,,,,,,,,,,,,,,,,,,,,,,,,,,,,,,,,,,,,,,,,,,,
Gold Ulrick,High,Organized Crime,Russia,UNC1756,,,Grim Spider,,,,,Gold Ulrick,,,White Onibi,,,,,,,,,,,,,,,,,,,,,,,,,,,,,,,,,,,,,,,,,,,,,,,,,,,,,,,,,,,,,,,,,,,,,,,,,,,,,,,,,,,,,,,
Gold Village,High,Organized Crime,Russia,,,,,,,,,Gold Village,,,White Labyrinth,,,,,,,,,,,,,,,,,,,,,,,,,,,,,,,,,,,,,,,,,,,,,,,,,,,,,,,,,,,,,,,,,,,,,,,,,,,,,,,,,,,,,,,
Gold Waterfall,High,Organized Crime,Russia,,,,,DEV-0289,,,,Gold Waterfall,,,White Apep,,,,,,,,,,,,,,,,,,,,,,,,,,,,,,,,,,,,,,,,,,,,,,,,,,,,,,,,,,,,,,,,,,,,,,,,,,,,,,,,,,,,,,,
Gold Winter,High,Organized Crime,Russia,,,,,,,,,Gold Winter,,,,,,,,,,,,,,,,,,,,,,,,,,,,,,,,,,,,,,,,,,,,,,,,,,,,,,,,,,,,,,,,,,,,,,,,,,,,,,,,,,,,,,,,,,
Gold Zodiac,High,Organized Crime,Russia,,,,,,,,,Gold Zodiac,,,,,,,,,,,,,,,,,,,,,,,,,,,,,,,,,,,,,,,,,,,,,,,,,,,,,,,,,,,,,,,,,,,,,,,,,,,,,,,,,,,,,,,,,,
Gold Equinox,High,Organized Crime,Unknown,,,,,,,,,Gold Equinox,,,,,,,,,,,,,,,,,,,,,,,,,,,,,,,,,,,,,,,,,,,,,,,,,,,,,,,,,,,,,,,,,,,,,,,,,,,,,,,,,,,,,,,,,,
Gold Hideaway,High,Organized Crime,Unknown,,,,,,,,,Gold Hideaway,,,,,,,,,,,,,,,,,,,,,,,,,,,,,,,,,,,,,,,,,,,,,,,,,,,,,,,,,,,,,,,,,,,,,,,,,,,,,,,,,,,,,,,,,,
Gold Lounge,High,Organized Crime,Russia,,,,,,,,,Gold Lounge,,,,,,,,,,,,,,,,,,,,,,,,,,,,,,,,,,,,,,,,,,,,,,,,,,,,,,,,,,,,,,,,,,,,,,,,,,,,,,,,,,,,,,,,,,
Gold Matador,High,Organized Crime,Worldwide,,,,,,,,,Gold Matador,,,,,,,,,,,,,,,,,,,,,,,,,,,,,,,,,,,,,,,,,,,,,,,,,,,,,,,,,,,,,,,,,,,,,,,,,,,,,,,,,,,,,,,,,,
Gold Melody,Mid,Organized Crime,Worldwide,UNC961,,,Prophet Spider,,,,,Gold Melody,,,,,,,,,,,,,,,,,,,,,,,,,,,,,,,,,,,,,,,,,,,,,,,,,,,,,,,,,,,,,,,,,,,,,,,,,,,,,,,,,,,,,,,,,,
Gold Rainforest,High,Organized Crime,Worldwide,,,,,,,,,Gold Rainforest,,,,,,,,,,,,,,,,,,,,,,,,,,,,,,,,,,,,,,,,,,,,,,,,,,,,,,,,,,,,,,,,,,,,,,,,,,,,,,,,,,,,,,,,,,
Karakurt Team,High,Organized Crime,Unknown,,,,,,,,,Gold Tomahawk,,,,,,,,,,,,,,,,,,,,,,,,,,,,,,,,,,,,,,,,,,,,,,,,,,,,,,,,,,,,,,,,,,,,,,,,,,,,,,,,,,,,,,,,,,
Nobelium,High,APT,Russia,UNC2452,,,StellarParticle,Nobelium,,Hive0099,,Iron Ritual,,,Blue Dev 5/Blue Nova/White Dev 61,ATK234,,,,,,,,,,,,,,,,,,,,,,,,,,,,,,,,,,,,,,SolarStorm/Solar Phoenix,,,,,,,,,,,,,,,,,,,,,,,,,,,,,,Dark Halo,,,,,,,,,,,,,,,,,,
APT.3102,Mid,APT,China,,,,,,,,,,,,,,,,,,,,,,,,,,,,,,,,,,,,,,,,,,,,,,,,,,,APT.3102,,,,,,,,,,,,,,,,,,,,,,,,,,,,,,,,,,,,,,,,,,,,,,,,
Sands Casino,Low,Unknown,Iran,,,,,,,,,,,,,,,,,,,,,,,,,,,,,,,,,,,,,,,,,,,,,,,,,,,,,,,,,,,,,,,,,,,,,,,,,,,,,,,,,,,,,,,,,,,,,,,,,,,
Luoxk,Mid,Unknown,Unknown,,,,,,,,,,,,,,,,,,,,,,,,,,,,,,,,,,,,,,,,,,,,,,,,,,,,,,,,,,,,,,,,,,,,,,,,,,,,,,,,,,,,Luoxk,,,,,,,,,,,,,,,
Notrobin,Mid,Organized Crime,Unknown,Notrobin,,,,,,,,,,,,,,,,,,,,,,,,,,,,,,,,,,,,,,,,,,,,,,,,,,,,,,,,,,,,,,,,,,,,,,,,,,,,,,,,,,,,,,,,,,,,,,,,,,
TeamTNT,High,Organized Crime,Unknown,,,,,,G0139,,,,,,,,,,,,TeamTNT,,,,,,,,,,,,,,,,,,,,,,TeamTNT,,,,,,,,,,,Adept Libra,,,,,,,,,,,,,,,,,,,,,,,,,,,,,,,,,,,,,,,,,,,,,,,,
A41APT,High,APT,China,,,A41APT,,,,,,,,,,,,,,,,,,,,,,,,,,,,,,,,,,,,,,,,,,,,,,,,,,,,,,,,,,,,,,,,,,,,,,,,,,,,,,,,,,,,,,,,,A41APT,,,,,,,
BabyElephant,Mid,APT,India,,,,,,,,,,,,,,,,,,,,,,,,,,,,,,,,,,,,,,,,,,,,,,,,,,,,,,,,,,,,,,,,,,,,,,,,,,,,,,,,,,,,,,,,,,,,,,,,,,,
RedEcho,High,APT,China,,,,,,,,,,,,,,,,,,,,,,,,,,,,,,,,,,,,,,,,,,,,,,,,,,,,,,,,,,,,,,,,,,,,,,,,,RedEcho,,,,,,,,,,,,,,,,,,,,,,,,,,
Hafnium,Mid,APT,China,UNC2639/UNC2640/UNC2643,,,,Hafnium,G0125,,,,,,Red Dev 13,ATK233,,,,,,,,,,,,,,,,,,,,,,,,,,,,,,,,,,,,,,,,,,,,,,,,,,,,,,,,,,,,,,,,,,,,,,,,,,,,,,,,,,,,,,
UNC2717,Mid,APT,China,UNC2717,,,,,,,,,,,,,,,,,,,,,,,,,,,,,,,,,,,,,,,,,,,,,,,,,,,,,,,,,,,,,,,,,,,,,,,,,,,,,,,,,,,,,,,,,,,,,,,,,,
UNC2447,Mid,Organized Crime,Unknown,UNC2447,,,,,,,,,,,,,,,,,,,,,,,,,,,,,,,,,,,,,,,,,,,,,,,,,,,,,,,,,,,,,,,,,,,,,,,,,,,,,,,,,,,,,,,,,,,,,,,,,,
UNC1878,Mid,Organized Crime,Russia,UNC1878,,,,,,,,,,,,,,,,,,,,,,,,,,,,,,,,,,,,,,,,,,,,,,,,,,,,,,,,,,,,,,,,,,,,,,,,,,,,,,,,,,,,,,,,,,,,,,,,,,
UNC1945,High,Organized Crime,Unknown,UNC1945,,,LightBasin,,,,,,,,,,,,,,,,,,,,,,,,,,,,,,,,,,,,,,,,TH-239,,,,,,,,,,,,,,,,,,,,,,,,,,,,,,,,,,,,,,,,,,,,,,,,,,,,,,,
Agrius,Mid,Unknown,Israel,,,,,DEV-0227,,,,,,,,ATK241,,,,,,,,,,,,,,,,,,,,,,,,,,,,,,,,,,,,,,,,,,,,,,,,,,,,,,,,,,,,,,,,,,,,,,,,,,,Agrius,,,,,,,,,,,
IndigoZebra,Mid,APT,China,,,IndigoZebra,,,G0136,,,,,,,,,,,,,IndigoZebra,,,,,,,,,,,,,,,,,,,,,,,,,,,,,,,,,,,,,,,,,,,,,,,,,,,,,,,,,,,,,,,,,,,,,,,,,,,,,,,,
LuminousMoth,Mid,APT,China,,,LuminousMoth,,,,,,,,,,,,,,,,,,,,,,,,,,,,,,,,,,,,,,,,,,,,,,,,,,,,,,,,,,,,,,,,,,,,,,,,,,,,,,,,,,,,,,,,,,,,,,,,
Tengyun-snake,Mid,APT,Unknown,,,,,,,,,,,,,,,,APT-Q-122,APT-C-61,,,,,,,,,,,,,,,,,,,,,,,,,,,,,,,,,,,,,,,,,,,,,,,,,,,,,,,,,,,,,,,,,,,,,,,,,,,,,,,,,,
sky-CNC,Mid,APT,Unknown,,,,,,,,,,,,,,,,,APT-C-48,,,,,,,,,,,,,,,,,,,,,,,,,,,,,,,,,,,,,,,,,,,,,,,,,,,,,,,,,,,,,,,,,,,,,,,,,,,,,,,,,,
SideCopy,Mid,APT,India,,,,,,,,,,,,,,,,,APT-C-56,,,,,,,,,,,,,,,,,,,,,,,,,,,,,,,,,,,,,,,,,,,,,,,,,,,,,,,,,,,,,,,,,,,,,,,,,,,,,,,,,,
Antlion,Mid,APT,China,,,,,,,,,,,,,,,Antlion,,,,,,,,,,,,,,,,,,,,,,,,,,,,,,,,,,,,,,,,,,,,,,,,,,,,,,,,,,,,,,,,,,,,,,,,,,,,,,,,,,,,
Praying Mantis,Mid,APT,Unknown,,,,,,,,,,TG1021,,,,,,,,,,,,,,,,,,,,,,,,,,,,,,,,,,,,,,,,,,,,,,,,,,,,,,,,,,,,,,,,,,,,,,,,,,,,,,,,,,,,,,,,,
EGoManiac,High,Unknown,Turkey,,,,,,,,,,,,,,,,,,,,,,,,,,,,,,,,,,,,,,,,,,,,,,,,,,,,,,,,,,,,,,,,,,,,,,,,,,,,,,,,,,,,,,,,EGoManiac,,,,,,,,,,,
DarkOxide,Low,Unknown,Unknown,,,,DarkOxide,,,,,,,,,,,,,,,,,,,,,,,,,,,,,,,,,,,,,,,,,,,,,,,,,,,,,,,,,,,,,,,,,,,,,,,,,,,,,,,,,,,,,,,,,,,,,,,
UNC245,Low,APT,China,UNC245,,,,,,,,,,,,,,,,,,,,,,,,,,,,,,,,,,,,,,,,,,,,,,,,,,,,,,,,,,,,,,,,,,,,,,,,,,,,,,,,,,,,,,,,,,,,,,,,,,
APT-Q-28,Low,Unknown,Unknown,,,,,,,,,,,,,,,,,APT-Q-28,,,,,,,,,,,,,,,,,,,,,,,,,,,,,,,,,,,,,,,,,,,,,,,,,,,,,,,,,,,,,,,,,,,,,,,,,,,,,,,,,,
LuoYu,Mid,APT,China,,,,,,,,,,,,Red Nue,,,,,,,,,,,,,,,,,,,,,,,,,,,,,,,,,,,,,,,,,,,,,,,,,,,,,,,,,,,,,,,,,,,,,,,,,,,,,,,,LuoYu,,,,,,,
MalKamak,Mid,APT,Iran,UNC2448,,,Nemesis Kitten,DEV-0270,,,,Cobalt Mirage,,,Yellow Dev 23/Yellow Dev 24,,,,,,,,,,,Nemesis Kitten,,,,,,,,,,,,,,,,,,,,,,,,,,,,,,,,,,,,,,,,,,,,,,,,,,,,,,,,,,,,,,,,,,,,,,,,,,,,
DEV-0343,Low,APT,Iran,,,,,DEV-0343,,,,,,,,,,,,,,,,,,,,,,,,,,,,,,,,,,,,,,,,,,,,,,,,,,,,,,,,,,,,,,,,,,,,,,,,,,,,,,,,,,,,,,,,,,,,,,
Pay2Key,High,APT,Iran,UNC757,,,Pioneer Kitten,Rubidium,G0117,,,Cobalt Foxglove,,,Yellow Dev 15,,Parisite ,,,,,,,,,Fox Kitten,,,,,,,,,,,,,,,,,,,,,,,,,,,,,,,,,,,,,,,,,,,,,,,,,,,,,,,,,,,,,,,,,,,,,,,,,,,,
Moses Staff,Mid,Organized Crime,Iran,,,,,DEV-0500,,,,,,,White Dev 95,,,,,,,,,,,,,,,,,,,,,,,,,,,,,,,,,,,,,,,,,,,,,,,,,,,,,,,,,,,,,,,,,,,,,,,,,,,,,,,,,,,,,,,
Vice Leaker,Mid,Organized Crime,Iran,,,,,DEV-0198,,,,,,,,,,,,,,,,,,,,,,,,,,,,,,,,,,,,,,,,,,,,,,,,,,,,,,,,,,,,,,,,,,,,,,,,,,,,,,,,,,,,,,,,,,,,,,
Aquatic Panda,Mid,APT,China,,,,Aquatic Panda,,,,,,,,,,,,,,,,,,,,,,,,,,,,,,,,,,,,,,,,,,,,,,,,,,,,,,,,,,,,,,,,,,,,,,,,,,,,,,,,,,,,,,,,,,,,,,,
Elephant Beetle,Mid,Organized Crime,Latin America,,,,,,,,,,TG2003,,,,,,,,,,,,,,,,,,,,,,,,,,,,,,,,,,,,,,,,,,,,,,,,,,,,,,,,,,,,,,,,,,,,,,,,,,,,,,,,,,,,,,,,,
LazyScripter,High,APT,Unknown,,,,,,,,,,,,,,,,,,,,,,,,,,,,,,,,,,,,,,,,,,,,,,,,,,,,,,,,,,,,,,,,,,,,,,,,,,,,,,,,,,,,,,,,,,LazyScripter,,,,,,,,,
Strider,Mid,APT,United States of America,,,ProjectSauron,,,,,,,,,,,,Strider,,,,,,,,,,,,,,,,,,,,,,,,,,,,,,,,,,,,,,,,,,,,,,,,,,,,,,,,,,,,,,,,,,,,,,,,,,,,,,,,,,,,
BackdoorDiplomacy,Mid,APT,China,,,,,,G0135,,,,,,,,,,,,,,,,,,,,,,,,,,,,,,,,BackdoorDiplomacy,,,,,,,,,,,,,,,,,,,,,,,,,,,,,,,,,,,,,,,,,,,,,,,,,,,,,,,,,,,,,
Blue Mockingbird,Mid,Organized Crime,Unknown,,,,,,G0108,,,,,,,,,,,,,,,,,,,,,,,,,,,,,,,,,,,,,,,,,,,,,,,,,,,,,,,,,,,,,,,,,,,,,,,,,,,,,,,,,,,,,Blue Mockingbird,,,,,,,,
DarkVishnya,Low,Organized Crime,Unknown,,,DarkVishnya,,,G0105,,,,,,,,,,,,,,,,,,,,,,,,,,,,,,,,,,,,,,,,,,,,,,,,,,,,,,,,,,,,,,,,,,,,,,,,,,,,,,,,,,,,,,,,,,,,,
Equation Group,High,APT,United States of America,,,Equation Group,,,G0020,,,Platinum Colony,,,,,,,,,,,,,,,,,,,,,,,,,,,,,,,,,,,,,,,,,,,,,,,,,,,,,,,,,,,,,,,,,,,,,,,,,,,,,,,,,,,,,,,,,,
Frankenstein,Low,Unknown,Unknown,,,,,,G0101,,,,,,,,,,,,,,,,,,,,,,,,,,,,,,,,,,,,,,,,,,,,,,,,,,,,,,,,,,,,,,,,,,,,,,,,,,,,,,,,,,,,,,,Frankenstein,,,,,,
TG-1314,Low,Unknown,Unknown,,,,,,,,,TG-1314,,,,,,,,,,,,,,,,,,,,,,,,,,,,,,,,,,,,,,,,,,,,,,,,,,,,,,,,,,,,,,,,,,,,,,,,,,,,,,,,,,,,,,,,,,
Vovan and Lexus,Mid,Hacktivists,Russia,,TA499,,,,,,,,,,,,,,,,,,,,,,,,,,,,,,,,,,,,,,,,,,,,,,,,,,,,,,,,,,,,,,,,,,,,,,,,,,,,,,,,,,,,,,,,,,,,,,,,,
Lorec53,High,Hacktivists,Russia,UNC2589,TA471,,Ember bear,,,,,,,,,,,,,,,,,,,,,,,,,,,,,,,,,,,,,,,,,,,,,,,Nascent Ursa,,,,,,,,,,,,,,,,,,,,,,,,,,,,,,,,,,,,,,,,,,,UAC-0056,,,,,
Buhtrap,High,Organized Crime,Russia,,,,,,,,,,,,,,,,,,,,,,,,,,,,,,,,,,,,,,,,,,,,,,,,,,,,,,,,,,,,,,,,,,,,,,,,,,,,,,,,,,,,,,,,,,,,,,UAC-0008,,,,,
NSA,High,APT,United States of America,,,,,,,,,,,,,,,,,APT-C-40,,,,,,,,,,,,,,,,,,,,,,,,,,,,,,,,,,,,,,,,,,,,,,,,,,,,,,,,,,,,,,,,,,,,,,,,,,,,,,,,,,
UAC-0082,High,Hacktivists,Russia,UNC3715,,,,DEV-0665,,,,,,,,,,,,,,,,,,,,,,,,,,,,,,,,,,,,,,,,,,,,,,,,,,,,,,,,,,,,,,,,,,,,,,,,,,,,,,,,,,,,,,,,,UAC-0082,,,,,
Vermin,Low,Hacktivists,Russia,Temp.Vermin,,,,,,,,,,,,,,,,,,,,,,,,,,,,,,,,,,,,,,,,,,,,,,,,,,,,,,,,,,,,,,,,,,,,,,,,,,,,,,,,,,,,,,,,,,,,,UAC-0020,,,,,
Exotic Lily,Mid,Organized Crime,Russia,,,,,DEV-0413,,,,,,,,,,,,,,,,,,,,,,,,,,,,,,,,,,,,,,,,,,,,,,,,,,,,,,,,,,,,,,,,,,,,,,,,,,,,,,,,,,,,,,,,,,,,,,
InvisiMole,High,APT,Russia,,,,,,,Hive0051,,,,,,,,,,,,,,,,,,,,,,,,,,,,,,,InvisiMole,,,,,,,,,,,,,,,,,,,,,,,,,,,,,,,,,,,,,,,,,,,,,,,,,,,,,,,,UAC-0035,,,,,
UAC-0088,Low,Unknown,Unknown,,,,,,,,,,,,,,,,,,,,,,,,,,,,,,,,,,,,,,,,,,,,,,,,,,,,,,,,,,,,,,,,,,,,,,,,,,,,,,,,,,,,,,,,,,,,,,UAC-0088,,,,,
LAPSUS$,High,Organized Crime,Worldwide,UNC3661,,,,DEV-0537,,,,,,,,,,,,,,,,,,,,,,,,,,,,,,,,,,,,,,,,,,,,,,,,,,,,,,,,,,,,,,,,,,,,,,,,,,,,,,,,,,,,,,,,,,,,,,
UAC-0026,Low,Unknown,Unknown,,,,,,,,,,,,,,,Scarab,,,,,,,,,,,,,,,,,,,,,,,,,,,,,,,,,,,,,,,,,,,,,,,,,,,,,,,,,,,,,,,,,,,,,,,,,,,,,,,UAC-0026,,,,,
UAC-0041,Mid,Hacktivists,Russia,,,,,,,,,,,,,,,,,,,,,,,,,,,,,,,,,,,,,,,,,,,,,,,,,,,,,,,,,,,,,,,,,,,,,,,,,,,,,,,,,,,,,,,,,,,,,,UAC-0041,,,,,
UAC-0086,Low,Unknown,Unknown,,,,,,,,,,,,,,,,,,,,,,,,,,,,,,,,,,,,,,,,,,,,,,,,,,,,,,,,,,,,,,,,,,,,,,,,,,,,,,,,,,,,,,,,,,,,,,UAC-0086,,,,,
Dangerous Password,High,APT,North Korea,,,,,,,,,,,,Black Alicanto,,,,,,,,,,,CryptoCore,,,,,,,,,,,,,,,,,,,,,,,,,,,,,,,,,,,,,,,,,,,,,,,,,,,,,,,,,,,,,,,,,,,,,,,,,Leery Turtle,CryptoMimic,,
UAC-0094,Mid,Unknown,Russia,,,,,,,,,,,,,,,,,,,,,,,,,,,,,,,,,,,,,,,,,,,,,,,,,,,,,,,,,,,,,,,,,,,,,,,,,,,,,,,,,,,,,,,,,,,,,,UAC-0094,,,,,
Erythrite,Mid,Organized Crime,Worldwide,,,,,,,,,,,,,,Erythrite,,,,,,,,,,,,,,,,,,,,,,,,,,,,,,,,,,,,,,,,,,,,,,,,,,,,,,,,,,,,,,,,,,,,,,,,,,,,,,,,,,,,,
Kostovite,Mid,APT,China,UNC2630,,,,,,,,,,,,,Kostovite,,,,,,,,,,,,,,,,,,,,,,,,,,,,,,,,,,,,,,,,,,,,,,,,,,,,,,,,,,,,,,,,,,,,,,,,,,,,,,,,,,,,,
Petrovite,Mid,APT,Unknown,,,,,,,,,,,,,,Petrovite,,,,,,,,,,,,,,,,,,,,,,,,,,,,,,,,,,,,,,,,,,,,,,,,,,,,,,,,,,,,,,,,,,,,,,,,,,,,,,,,,,,,,
UNC2717,Mid,APT,China,UNC2717,,,,,,,,,,,,,,,,,,,,,,,,,,,,,,,,,,,,,,,,,,,,,,,,,,,,,,,,,,,,,,,,,,,,,,,,,,,,,,,,,,,,,,,,,,,,,,,,,,
Kamacite,Mid,APT,Russia,,,,,,,,,,,,,,Kamacite,,,,,,,,,,,,,,,,,,,,,,,,,,,,,,,,,,,,,,,,,,,,,,,,,,,,,,,,,,,,,,,,,,,,,,,,,,,,,,,,,,,,,
Vanadinite,Mid,APT,China,,,,,Lead,,,,,,,,,Vanadinite,,,,,,,,,,,,,,,,,,,,,,,,,,,,,,,,,,,,,,,,,,,,,,,,,,,,,,,,,,,,,,,,,,,,,,,,,,,,,,,,,,,,,
TA482,Mid,Organized Crime,Unknown,,TA482,,,,,,,,,,,,,,,,,,,,,,,,,,,,,,,,,,,,,,,,,,,,,,,,,,,,,,,,,,,,,,,,,,,,,,,,,,,,,,,,,,,,,,,,,,,,,,,,,
DEV-0401,High,Organized Crime,China,,,,,DEV-0401,,,Bronze Starlight,,,,,,,,,,,,,,,,,,,,,,,,,,,,,,,,,,,,,,,,,,,,,,,,,,,,,,,,,,,,,,,,,,,,,,,,,,,,,,,,,,,,,,,,,,,
Tortoiseshell,High,APT,Iran,,TA456,,Imperial kitten,Curium,,Hive0095,Cobalt Fireside,,,,Yellow Liderc,,,Tortoiseshell,,,,,,,,,,,,,,,,,,,,,,,,,,,,,,,,,,,,,,,,,,,,,,,,,,,,,,,,,,,,,,,,,,,,,,,,,,,,,,,,,,,,
NSO Group,Mid,Mercenary,Israel,,,,,,,,,,,,Grey Anqa,,,,,,,,,,,,,,,,,,,,,,,,,,,,,,,,,,,,,,,,,,,,,,,,,,,,,,,,,,,,,,,,,,,,,,,,,,,,,,,,,,,,,,,
Candiru,Mid,Mercenary,Worldwide,,,,,,,,,,,,Grey Mazzikim,,,,,,,,,,,,,,,,,,,,,,,,,,,,,,,,,,,,,,,,,,,,,,,,,,,,,,,,,,,,,,,,,,,,,,,,,,,,,,,,,,,,,,,
Red Menshen,Mid,APT,China,,,,,,,,,,,,Red Dev 18,,,,,,,,,,,,,,,,,,,,,,,,,,,,,,,,,,,,,,,,,,,,,,,,,,,,,,,,,,,,,,,,,,,,,,,,,,,,,,,,,,,,,,,
TarnishedGauntlet,High,Organized Crime,Iran,,,,,DEV-0146,,,,,,,White Dev 98,,,,,,,,,,,,,,,,,,,,,,,,,,,,,,,,,,,,,,,,,,,,,,,,,,,,,,,,,,,,,,,,,,,,,,,,,,,,,,,,,,,,,,,
DarKrypt,Low,Organized Crime,Iran,,,,,,,,,,,,Yellow Dev 21,,,,,,,,,,,,,,,,,,,,,,,,,,,,,,,,,,,,,,,,,,,,,,,,,,,,,,,,,,,,,,,,,,,,,,,,,,,,,,,,,,,,,,,
Emennet Pasargad,Mid,Organized Crime,Iran,,,,,,,,,,,,Yellow Dev 19,,,,,,,,,,,,,,,,,,,,,,,,,,,,,,,,,,,,,,,,,,,,,,,,Emennet Pasargad,,,,,,,,,,,,,,,,,,,,,,,,,,,,,,,,,,,,,,,
Rose Matsil,Low,APT,Georgia,,,,,,,,,,,,Rose Matsil,,,,,,,,,,,,,,,,,,,,,,,,,,,,,,,,,,,,,,,,,,,,,,,,,,,,,,,,,,,,,,,,,,,,,,,,,,,,,,,,,,,,,,,
White Tur,Mid,APT,Unknown,,,Tensho,,,,,,,,,White Tur,,,,,,,,,,,,,,,,,,,,,,,,,,,,,,,,,,,,,,,,,,,,,,,,,,,,,,,,,,,,,,,,,,,,,,,,,,,,,,,,,,,,,,,
ReconHellcat,Mid,APT,Unknown,,,,,,,,,,,,Blue Dev 6,,,,,,,,,,,,,,,,,,,,,,,,,,,,,,,,,,,,,,,,,,,,,,,,,,,,,,,,,,,,,,,,,,,,,,,,,,,,,,,,,,,,,,,
White Dev 89,Low,APT,Unknown,,,,,,,,,,,,White Dev 89,,,,,,,,,,,,,,,,,,,,,,,,,,,,,,,,,,,,,,,,,,,,,,,,,,,,,,,,,,,,,,,,,,,,,,,,,,,,,,,,,,,,,,,
White Dev 51,Mid,APT,Armenia,,,,,,,,,,,,White Dev 51,,Stibnite,,,,,,,,,,,,,,,,,,,,,,,,,,,,,,,,,,,,,,,,,,,,,,,,,,,,,,,,,,,,,,,,,,,,,,,,,,,,,,,,,,,,,
Rocket Kitten,High,APT,Iran,,,,,,,,,,,,Yellow Geryon,,,,,,,,,,,Rocket Kitten,,,,,,,,,,,,,,,,,,,,,,,,,,,,,,,,,,,,,,,,,,,,,,,,,,,,,,,,,,,,,,,,,,,,,,,,,,,,
CyberRoot,Mid,Mercenary,India,,,,,,,,,,,,Orange Abtu,,,,,,,,,,,,,,,,,,,,,,,,,,,,,,,,,,,,,,,,,,,,,,,,,,,,,,,,,,,,,,,,,,,,,,,,,,,,,,,,,,,,,,,
BellTroX,Mid,Mercenary,India,,,,,,,,,,,,Amanda Lovers,,,,,,,,,,,,,,,,,,,,,,,,,,,,,,,,,,,,,,,,,,,,,,,,,,,,,,,,,,,,,,,,,,,,,,,,,,,,,,,,,,,,,,,
CostaRico,Low,Mercenary,Unknown,,,,,,,,,,,,,,,,,,,,,,,,,,,,,,,,,,,,,,,,,,,,,,,,,,,,,,,,,,,,,,,,,,,,,,,,,,,,,,,,,,,,,,,,,,,,,,,,,,,
Cosmic Lynx,Mid,Business Email Compromise,Russia,,,,,,,,,,,,,,,,,,,,,,,,,,,,,,,,,,,,,,,,,,,,,,,,,,,,,,,,,,,,,,,,,,,,,,,,,,,,,,,,,,,,,,,,,,,,,,,,,,,
White Mjolnir,High,Organized Crime,Russia,,,,,,,,,,,,White Mjolnir,,,,,,,,,,,,,,,,,,,,,,,,,,,,,,,,,,,,,,,,,,,,,,,,,,,,,,,,,,,,,,,,,,,,,,,,,,,,,,,,,,,,,,,
White Helios,High,Organized Crime,Russia,,,,,,,,,,,,White Helios,,,,,,,,,,,,,,,,,,,,,,,,,,,,,,,,,,,,,,,,,,,,,,,,,,,,,,,,,,,,,,,,,,,,,,,,,,,,,,,,,,,,,,,
White Morok,Mid,Organized Crime,Russia,,,,,,,,,,,,White Morok,,,,,,,,,,,,,,,,,,,,,,,,,,,,,,,,,,,,,,,,,,,,,,,,,,,,,,,,,,,,,,,,,,,,,,,,,,,,,,,,,,,,,,,
TA408,Mid,APT,North Korea,,TA408,,,,,,,,,,,,,,,,,,,,,,,,,,,,,,,,,,,,,,,,,,,,,,,,,,,,,,,,,,,,,,,,,,,,,,,,,,,,,,,,,,,,,,,,,,,,,,,,,
TA427 ,Mid,APT,North Korea,,TA427,,,,,,,,,,,,,,,,,,,,,,,,,,,,,,,,,,,,,,,,,,,,,,,,,,,,,,,,,,,,,,,,,,,,,,,,,,,,,,,,,,,,,,,,,,,,,,,,,
UNC3524,Mid,APT,Unknown,UNC3524,,,,,,,,,,,,,,,,,,,,,,,,,,,,,,,,,,,,,,,,,,,,,,,,,,,,,,,,,,,,,,,,,,,,,,,,,,,,,,,,,,,,,,,,,,,,,,,,,,
DEV-0365,Low,Organized Crime,Unknown,,,,,DEV-0365,,,,,,,,,,,,,,,,,,,,,,,,,,,,,,,,,,,,,,,,,,,,,,,,,,,,,,,,,,,,,,,,,,,,,,,,,,,,,,,,,,,,,,,,,,,,,,
DEV-0230,Mid,Organized Crime,Unknown,,,,,DEV-0230,,,,,,,,,,,,,,,,,,,,,,,,,,,,,,,,,,,,,,,,,,,,,,,,,,,,,,,,,,,,,,,,,,,,,,,,,,,,,,,,,,,,,,,,,,,,,,
DEV-0324,Mid,Organized Crime,Russia,,,,,DEV-0324,,,,,,,,,,,,,,,,,,,,,,,,,,,,,,,,,,,,,,,,,,,,,,,,,,,,,,,,,,,,,,,,,,,,,,,,,,,,,,,,,,,,,,,,,,,,,,
DEV-0504,Mid,Organized Crime,Unknown,,,,,DEV-0504,,,,,,,,,,,,,,,,,,,,,,,,,,,,,,,,,,,,,,,,,,,,,,,,,,,,,,,,,,,,,,,,,,,,,,,,,,,,,,,,,,,,,,,,,,,,,,
DEV-0237,Mid,Organized Crime,Unknown,,,,,DEV-0237,,,,,,,,,,,,,,,,,,,,,,,,,,,,,,,,,,,,,,,,,,,,,,,,,,,,,,,,,,,,,,,,,,,,,,,,,,,,,,,,,,,,,,,,,,,,,,
DEV-0448,Mid,Organized Crime,Russia,,,,,DEV-0448,,,,,,,,,,,,,,,,,,,,,,,,,,,,,,,,,,,,,,,,,,,,,,,,,,,,,,,,,,,,,,,,,,,,,,,,,,,,,,,,,,,,,,,,,,,,,,
DEV-0387,High,Organized Crime,Russia,,,,,DEV-0387,,,,,,,,,,,,,,,,,,,,,,,,,,,,,,,,,,,,,,,,,,,,,,,,,,,,,,,,,,,,,,,,,,,,,,,,,,,,,,,,,,,,,,,,,,,,,,
ToddyCat,Mid,APT,China,,,ToddyCat,,,,,,,,,,,,,,,,,,,,,,,,,,,,,,,,,,,,,,,,,,,,,,,,,,,,,,,,,,,,,,,,,,,,,,,,,,,,,,,,,,,,,,,,,,,,,,,,
TA579,Mid,Organized Crime,Unknown,UNC2529,TA579,,,,,,,,,,,,,,,,,,,,,,,,,,,,,,,,,,,,,,,,,,,,,,,,,,,,,,,,,,,,,,,,,,,,,,,,,,,,,,,,,,,,,,,,,,,,,,,,,
Popping Eagle,Low,APT,Unknown,,,,,,,,,,,,,,,,,,,,,,,,,,,,,,,,,,,,,,,,,,,,,,,,,,,Popping Eagle,,,,,,,,,,,,,,,,,,,,,,,,,,,,,,,,,,,,,,,,,,,,,,,,
Aoqin Dragon,Mid,APT,China,,,,,,,,,,,,,,,,,,,,,,,,,,,,,,,,,,,,,,,,,,,,,,,,,,,,,,,,,,,,,,,,,,,,,,,,,,,,,,,,,,,,,,,,Aoqin Dragon,,,,,,,,,,,
Bohrium,Low,APT,Iran,,TA455,,,Bohrium,,,,,,,,,,,,,,,,,,,,,,,,,,,,,,,,,,,,,,,,,,,,,,,,,,,,,,,,,,,,,,,,,,,,,,,,,,,,,,,,,,,,,,,,,,,,,,
Earth Berberoka,Mid,APT,China,,,,,,,,,,,,,,,,,,Earth Berberoka,,,,,,,,,,,,,,,,,,,,,,,,,,,,,,,,,,,,,,,,,,,,,,,,,,,,,,,,,,,,,,,,,,,,,,,,,,,,,,,,,
DEV-0216,Mid,Organized Crime,Russia,,,,,DEV-0216,,Hive0104,,,,,,,,,,,,,,,,,,,,,,,,,,,,,,,,,,,,,,,,,,,,,,,,,,,,,,,,,,,,,,,,,,,,,,,,,,,,,,,,,,,,,,,,,,,,
DEV-0450,Mid,Organized Crime,Russia,,TA570,,,DEV-0450,,,,,,,,,,,,,,,,,,,,,,,,,,,,,,,,,,,,,,,,,,,,,,,,,,,,,,,,,,,,,,,,,,,,,,,,,,,,,,,,,,,,,,,,,,,,,,
TA425,Mid,Unknown,India,,TA425,,,,,,,,,,,,,,,,,,,,,,,,,,,,,,,,,,,,,,,,,,,,,,,,,,,,,,,,,,,,,,,,,,,,,,,,,,,,,,,,,,,,,,,,,,,,,,,,,
DEV-0530,Low,Unknown,North Korea,,,,,DEV-0530,,,,,,,,,,,,,,,,,,,,,,,,,,,,,,,,,,,,,,,,,,,,,,,,,,,,,,,,,,,,,,,,,,,,,,,,,,,,,,,,,,,,,,,,,,,,,,
Moshen Dragon,Mid,APT,China,,,,,,,,,,,,,,,,,,,,,,,,,,,,,,,,,,,,,,,,,,,,,,,,,,,,,,,,,,,,,,,,,,,,,,,,,,,,,,,,,,,,,,,,Moshen Dragon,,,,,,,,,,,
Murenshark,Mid,Unknown,Unknown,,,,,,,,,,,,,,,,,,,,,,,,,,,,,,,,,,,,,,,,,,,,,,,,,,,,,,,,,,,,,,,,,,,,,,,,,,,,,,,,,,,,,,,,,,,,,,,,,,,Actor210426/Murenshark
Projector Libra,High,Organized Crime,Russia,,,,,Coldtrain,,,,,,,,,,,,,,,,,,,,,,,,,,,,,,,,,,,,,,,,,,,,,,Projector Libra,,,,,,,,,,,,,,,,,,,,,,,,,,,,,,,,,,,,,,,,,,,,,,,Exotic Lily,
JuiceLedger,Mid,Unknown,Unknown,,,,,,,,,,,,,,,,,,,,,,,,,,,,,,,,,,,,,,,,,,,,,,,,,,,,,,,,,,,,,,,,,,,,,,,,,,,,,,,,,,,,,,,,JuiceLedger,,,,,,,,,,,
DangerousSavanna,Low,Organized Crime,Unknown,,,,,,,,,,,,,,,,,,,DangerousSavanna,,,,,,,,,,,,,,,,,,,,,,,,,,,,,,,,,,,,,,,,,,,,,,,,,,,,,,,,,,,,,,,,,,,,,,,,,,,,,,,,
Earth Lusca,Mid,APT,China,,,,,,,Hive0119,,Bronze University,,,,,,,,,Earth Lusca,,,,,,,,,,,,,,,,,,,,,,,,,,,,,,,,,,,,,,,,,,,,,,,,,,,,,,,Tag-22,,,,,,,,,,,,,,,,,,,,,,,,,,
Outlaw,High,Organized Crime,Romania,,,,,,,Hive0121,,,,,,,,,,,Outlaw,,,,,,,,,,,,,,,,,,,,,,,,,,,,,,,,,,,,,,,,,,,,,,,,,,,,,,,,,,,,,,,,,,,,,,,,,,,,,,,,,
Outlaw Spider,Mid,Organized Crime,Russia,,,,Outlaw Spider,,,,,,,,,,,,,,,,,,,,,,,,,,,,,,,,,,,,,,,,,,,,,,,,,,,,,,,,,,,,,,,,,,,,,,,,,,,,,,,,,,,,,,,,,,,,,,,
Viking Spider,High,Organized Crime,Russia,,,,Viking Spider,,,,,,,,,,,,,,,,,,,,,,,,,,,,,,,,,,,,,,,,,,,,,,,,,,,,,,,,,,,,,,,,,,,,,,,,,,,,,,,,,,,,,,,,,,,,,,,
Hive0109,Low,Organized Crime,Unknown,,,,,,,Hive0109,,,,,,,,,,,,,,,,,,,,,,,,,,,,,,,,,,,,,,,,,,,,,,,,,,,,,,,,,,,,,,,,,,,,,,,,,,,,,,,,,,,,,,,,,,,,
Hive0087,Mid,APT,Iran,,,,,,,Hive0087,,,,,,,,,,,,,,,,,,,,,,,,,,,,,,,,,,,,,,,,,,,,,,,,,,,,,,,,,,,,,,,,,,,,,,,,,,,,,,,,,,,,,,,,,,,,
Hive0089,Mid,Organized Crime,China,,,,,,,Hive0089,,,,,,,,,,,,,,,,,,,,,,,,,,,,,,,,,,,,,,,,,,,,,,,,,,,,,,,,,,,,,,,,,,,,,,,,,,,,,,,,,,,,,,,,,,,,
Watchdog,Mid,Organized Crime,Unknown,,,,,,,,,,,,,,,,,,,,,,,,,,,,,,,,,,,,,,,,,,,,,,,,,,,Thief Libra,,,,,,,,,,,,,,,,,,,,,,,,,,,,,,,,,,,,,,,,,,,,,,,,
Money Libra,Mid,Organized Crime,Unknown,,,,,,,,,,,,,,,,,,,,,,,,,,,,,,,,,,,,,,,,,,,,,,,,,,,Money Libra,,,,,,,,,,,,,,,,,,,,,,,,,,,,,,,,,,,,,,,,,,,,,,,,
8220 Mining Group,Mid,Organized Crime,Unknown,,,,,,,,,,,,,,,,,,,,,,,,,,,,,,,,,,,,,,,,,,,,,,,,,,,Returned Libra,,,,,,,,,,,,,,,,,,,,,,,,,,,,,,,,,,,,,,,,,,,,,,,,
DEV-0586,High,Hacktivists,Russia,,,,,DEV-0586,,,,,,,,,,,,,,,,,,,,,,,,,,,,,,,,,,,,,,,,,,,,,,Ruinous Ursa,,,,,,,,,,,,,,,,,,,,,,,,,,,,,,,,,,,,,,,,,,,,,,,,
Pickaxe,Mid,Organized Crime,Unknown,,,,,,,,,,,,,,,,,,,,,,,,,,,,,,,,,,,,,,,,,,,,,,,,,,,Prying Libra,,,,,,,,,,,,,,,,,,,,,,,,,,,,,,,,,,,,,,,,,,,,,,,,
UNC2053,High,Organized Crime,Russia,UNC2053,,,,,,,,,,,,,,,,,,,,,,,,,,,,,,,,,,,,,,,,,,,,,,,,,,,,,,,,,,,,,,,,,,,,,,,,,,,,,,,,,,,,,,,,,,,,,,,,,,
TA2541,Mid,Organized Crime,Nigeria,,TA2541,,,,,,,,,,,,,,,,,,,,,,,,,,,,,,,,,,,,,,,,,,,,,,,,,,,,,,,,,,,,,,,,,,,,,,,,,,,,,,,,,,,,,,,,,,,,,,,,,
UNC2891,Mid,Organized Crime,Unknown,UNC2891,,,,,,,,,,,,,,,,,,,,,,,,,,,,,,,,,,,,,,,,,,,,,,,,,,,,,,,,,,,,,,,,,,,,,,,,,,,,,,,,,,,,,,,,,,,,,,,,,,
UNC2198,Mid,Organized Crime,Unknown,UNC2198,,,,,,,,,,,,,,,,,,,,,,,,,,,,,,,,,,,,,,,,,,,,,,,,,,,,,,,,,,,,,,,,,,,,,,,,,,,,,,,,,,,,,,,,,,,,,,,,,,
UNC2374,Mid,Organized Crime,Unknown,UNC2374,,,,,,,,,,,,,,,,,,,,,,,,,,,,,,,,,,,,,,,,,,,,,,,,,,,,,,,,,,,,,,,,,,,,,,,,,,,,,,,,,,,,,,,,,,,,,,,,,,
UNC2414,Low,Organized Crime,Unknown,UNC2414,,,,,,,,,,,,,,,,,,,,,,,,,,,,,,,,,,,,,,,,,,,,,,,,,,,,,,,,,,,,,,,,,,,,,,,,,,,,,,,,,,,,,,,,,,,,,,,,,,
UNC2682,Mid,Organized Crime,Unknown,UNC2682,,,,,,,,,,,,,,,,,,,,,,,,,,,,,,,,,,,,,,,,,,,,,,,,,,,,,,,,,,,,,,,,,,,,,,,,,,,,,,,,,,,,,,,,,,,,,,,,,,
UNC2903,Mid,Organized Crime,Unknown,UNC2903,,,,,,,,,,,,,,,,,,,,,,,,,,,,,,,,,,,,,,,,,,,,,,,,,,,,,,,,,,,,,,,,,,,,,,,,,,,,,,,,,,,,,,,,,,,,,,,,,,
UNC2596,Mid,Organized Crime,Unknown,UNC2596,,,,,,,,,,,,,,,,,,,,,,,,,,,,,,,,,,,,,,,,,,,,,,,,,,,,,,,,,,,,,,,,,,,,,,,,,,,,,,,,,,,,,,,,,,,,,,,,,,
UNC3313,Mid,APT,Iran,UNC3313,,,,,,,,,,,,,,,,,,,,,,,,,,,,,,,,,,,,,,,,,,,,,,,,,,,,,,,,,,,,,,,,,,,,,,,,,,,,,,,,,,,,,,,,,,,,,,,,,,
UNC2465,Mid,Organized Crime,Unknown,UNC2465,,,,,,,,,,,,,,,,,,,,,,,,,,,,,,,,,,,,,,,,,,,,,,,,,,,,,,,,,,,,,,,,,,,,,,,,,,,,,,,,,,,,,,,,,,,,,,,,,,
UNC2190,Mid,Organized Crime,Unknown,UNC2190,,,,,,,,,,,,,,,,,,,,,,,,,,,,,,,,,,,,,,,,,,,,,,,,,,,,,,,,,,,,,,,,,,,,,,,,,,,,,,,,,,,,,,,,,,,,,,,,,,
UNC2546,Mid,Organized Crime,Unknown,UNC2546,,,,,,,,,,,,,,,,,,,,,,,,,,,,,,,,,,,,,,,,,,,,,,,,,,,,,,,,,,,,,,,,,,,,,,,,,,,,,,,,,,,,,,,,,,,,,,,,,,
Wicked Spider,Mid,APT,China,,,,Wicked Spider,,,,,Bronze Export,TG-3279,,,,,,,,,,,,,,,,,,,,,,,,,,,,,,,,,,,,,,,,,,,,,,,,,,,,,,,,,,,,,,,,,,,,,,,,,,,,,,,,,,,,,,,,,
Evasive Panda,Mid,APT,China,,,,,,,,,Bronze Highland,,,,,,,,,,,,,,,,,,,,,,,,,,,,,,,,,,,,,,,,,,,,,,,,,,,,,,,,,,,,,,,,,,,,,,,,,,,,,,,,,Evasive Panda,,,,,,,,,
Metador,Low,APT,Unknown,,,,,,,,,,,,,,,,,,,,,,,,,,,,,,,,,,,,,,,,,,,,,,,,,,,,,,,,,,,,,,,,,,,,,,,,,,,,,,,,,,,,,,,,Metador,,,,,,,,,,,
PlexingEagle,Mid,APT,Unknown,,,,,,,,,,,,,,,,,,,,,,,,,,,,,,,,,,,,,,,,,,,,,,,,,,,,,,,,,,,,,,,,,,,,,,,,,,,,,,,,,,,,,,,,,,,,,,,,,,,
Cobalt Agora,Mid,APT,Iran,,,,,,,,,Cobalt Agora,,,,,,,,,,,,,,,,,,,,,,,,,,,,,,,,,,,,,,,,,,,,,,,,,,,,,,,,,,,,,,,,,,,,,,,,,,,,,,,,,,,,,,,,,,
Gold Camouflage,Mid,Organized Crime,Worldwide,,,,,,,,,Gold Camouflage,DarkTortilla,,,,,,,,,,,,,,,,,,,,,,,,,,,,,,,,,,,,,,,,,,,,,,,,,,,,,,,,,,,,,,,,,,,,,,,,,,,,,,,,,,,,,,,,,
Gold Concord,Mid,Organized Crime,Worldwide,,,,,,,,,Gold Concord,,,,,,,,,,,,,,,,,,,,,,,,,,,,,,,,,,,,,,,,,,,,,,,,,,,,,,,,,,,,,,,,,,,,,,,,,,,,,,,,,,,,,,,,,,
Bronze Spiral,Mid,APT,China,,,,,,,,,Bronze Spiral,,,,,,,,,,,,,,,,,,,,,,,,,,,,,,,,,,,,,,,,,,,,,,,,,,,,,,,,,,,,,,,,,,,,,,,,,,,,,,,,,,,,,,,,,,
